arch,arch_dir,trainer,dict_class,k_cfg,unit,window,n_tokens,l2_loss,l1_loss,l0,frac_variance_explained,cossim,l2_ratio,relative_reconstruction_bias,frac_alive,gamma_star,fvu,fvu_rescaled,fvu_gain_from_rescale,norm_slope,norm_intercept,mean_norm_ratio,dark_matter_r2,residual_share_of_variance,linearly_predictable_share_of_variance,max_cos_median,max_cos_p90,max_cos_p99,max_cos_max,frac_max_cos_above_0.9,decoder_norm_mean,decoder_norm_cv,n_alive,alive_max_cos_median,alive_max_cos_p90,alive_max_cos_p99,alive_max_cos_max,alive_frac_max_cos_above_0.9,alive_decoder_norm_mean,alive_decoder_norm_cv,d_sae,frac_dead,frac_ultra_dense,log10_freq_median,log10_freq_p10,log10_freq_p90,null_p99,null_med,excess_p99,excess_med
BatchTopK,BatchTopK_pythia-160m-deduped__0108,0,BatchTopKSAE,20.0,BatchTopK_pythia-160m-deduped__0108/resid_post_layer_8/trainer_0,full,1048576,7.172505067424488,52.45179209228365,19.90458393096924,0.9246668702477432,0.9518881764235364,0.9512030935969176,0.9993277958144848,0.9671630859375,1.0006726563479276,0.0753331297522569,0.0753325782144211,5.515378357495715e-07,1.0051800106025743,-1.2761586489756276,0.9512030935969176,0.3740386936079436,0.0764071871798832,0.0285786509143965,0.4204144477844238,0.5713388323783875,0.7011361718177795,0.86417555809021,0.0,1.0,2.020918969947161e-07,15846.0,0.424988329410553,0.5737248659133911,0.7030807733535767,0.8641757965087891,0.0,1.0,9.624248775708113e-08,16384.0,0.0328369140625,0.00054931640625,-3.6106667899483296,-4.589236149120636,-2.6204938514507568,0.1724240779876709,0.1408248394727707,0.5306566953659058,0.2841634899377823
BatchTopK,BatchTopK_pythia-160m-deduped__0108,1,BatchTopKSAE,40.0,BatchTopK_pythia-160m-deduped__0108/resid_post_layer_8/trainer_1,full,1048576,6.363912066743438,67.69246255404772,39.791672706604,0.9407504595452086,0.9622426344796952,0.961901352367492,0.9997653767257316,0.93548583984375,1.0002346783352678,0.0592495404547913,0.0592494762888629,6.416592840396973e-08,1.004703470601826,-1.0105302835020815,0.961901352367492,0.3100474845489855,0.060061907549919,0.0186217623711506,0.3515987694263458,0.5058698654174805,0.6509917378425598,0.8442037105560303,0.0,1.0,2.0262611144516998e-07,15327.0,0.359559565782547,0.5099776387214661,0.6526411771774292,0.8442038297653198,0.0,1.0,9.65084296922214e-08,16384.0,0.06451416015625,0.00201416015625,-3.3259947143460558,-4.188091000573388,-2.354381559183901,0.17223285138607025,0.14054888486862183,0.48040832579135895,0.21901068091392517
BatchTopK,BatchTopK_pythia-160m-deduped__0108,2,BatchTopKSAE,80.0,BatchTopK_pythia-160m-deduped__0108/resid_post_layer_8/trainer_2,full,1048576,5.540710685252421,90.16708866104536,79.58049011230469,0.955188404878585,0.9715242712326158,0.9714048293749856,1.000946798358982,0.88311767578125,0.9990540972202177,0.0448115951214149,0.0448104478744417,1.1472469732126678e-06,1.0067929424534885,-0.8375103093137994,0.9714048293749856,0.2549663664179651,0.0453938820204159,0.0115740276683275,0.287373811006546,0.4422475099563598,0.5975931882858276,0.7420818209648132,0.0,1.0,2.0297522951295835e-07,14469.0,0.3026620745658874,0.452692300081253,0.6038118600845337,0.7420814633369446,0.0,1.0,9.63280584187487e-08,16384.0,0.11688232421875,0.00738525390625,-3.0558689922259945,-3.927178228117389,-2.081590169468874,0.17208640277385712,0.1400534063577652,0.4317254573106766,0.1626086682081222
BatchTopK,BatchTopK_pythia-160m-deduped__0108,3,BatchTopKSAE,160.0,BatchTopK_pythia-160m-deduped__0108/resid_post_layer_8/trainer_3,full,1048576,4.602469597451801,153.6782284140638,159.01745510101318,0.9692587491589426,0.9805218160176666,0.9802690985414068,1.0007280134632588,0.7623291015625,0.9992725161547747,0.0307412508410573,0.0307405879738551,6.628672022356008e-07,1.005351247022516,-0.5940061045233165,0.9802690985414068,0.2006084380690849,0.0311119783196741,0.0062420285959254,0.2451332211494445,0.4286971092224121,0.5850237011909485,0.8095064163208008,0.0,1.0,2.0162136138424105e-07,12490.0,0.2843565940856933,0.4485562741756439,0.5988239049911499,0.8095064163208008,0.0,1.0,9.616818630320269e-08,16384.0,0.2376708984375,0.03173828125,-3.008184538517191,-4.151368193548648,-1.7192573476626507,0.17043255269527435,0.13886885344982147,0.42839135229587555,0.14548774063587183
BatchTopK,BatchTopK_pythia-160m-deduped__0108,4,BatchTopKSAE,320.0,BatchTopK_pythia-160m-deduped__0108/resid_post_layer_8/trainer_4,full,1048576,3.122455022981057,295.7810836107468,318.53362369537354,0.985937969467654,0.9912308620487608,0.9911554870367916,1.000481573606894,0.333251953125,0.9995186581946156,0.014062030532346,0.0140617131048515,3.174274945776101e-07,1.0027981252911202,-0.2775318652863774,0.9911554870367916,0.0910319182382703,0.0141747106756007,0.0012923555696569,0.1487720906734466,0.3663776218891144,0.5785505771636963,0.7660760283470154,0.0,1.0,2.0135283307354257e-07,5460.0,0.28424072265625,0.4874456524848938,0.6573377251625061,0.7624655961990356,0.0,1.0,9.532975298043313e-08,16384.0,0.666748046875,0.0849609375,-3.1175099262876804,-4.235270078268857,-0.6821906554766601,0.16375209391117096,0.13172324001789093,0.49358563125133514,0.15251748263835907
BatchTopK,BatchTopK_pythia-160m-deduped__0108,5,BatchTopKSAE,640.0,BatchTopK_pythia-160m-deduped__0108/resid_post_layer_8/trainer_5,full,1048576,1.5570152897059586,626.2920517280176,638.9255590438843,0.9963190995509984,0.9977899533506538,0.9976203495458432,1.0002278014102173,0.06298828125,0.9997722504714466,0.0036809004490016,0.0036808249899041,7.545909744841386e-08,1.0013259597925332,-0.0902345137980447,0.9976203495458432,0.0385524302333618,0.0037168059534589,0.0001465652244819,0.1423341631889343,0.1600135713815689,0.228990226984024,0.8163319826126099,0.0,1.0,1.996119038949473e-07,1032.0,0.1112305596470832,0.1738764196634292,0.4487119019031524,0.6800382137298584,0.0,1.0,9.704442760494204e-08,16384.0,0.93701171875,0.047119140625,-0.1068914695428381,-3.2081549265861,-0.019445400843485,0.15155693888664246,0.11455957591533661,0.29715496301650995,-0.0033290162682534097
Gated,GatedSAE_pythia-160m-deduped__0108,5,GatedAutoEncoder,,GatedSAE_pythia-160m-deduped__0108/resid_post_layer_8/trainer_5,full,1048576,6.864933627620715,55.22376304929651,30.888582229614254,0.93109553960074,0.9562781375840262,0.9555650210596782,0.999868114406804,0.8604736328125,1.0001319029893,0.0689044603992599,0.0689044401052987,2.0293961247586093e-08,1.0057772917563914,-1.1862385646610285,0.9555650210596782,0.3467767471904287,0.069893768590367,0.0242367539117285,0.3016106188297272,0.4563475251197815,0.6353816986083984,0.9436870217323304,0.0001220703125,1.0,1.7753171732692866e-07,14098.0,0.3185043931007385,0.4680047631263733,0.6416910886764526,0.9436872005462646,0.000141864089528,1.0,3.991256747326588e-08,16384.0,0.1395263671875,0.00042724609375,-3.1229728219891824,-4.011999741517706,-2.2812649530835447,0.17166221141815186,0.13982437551021576,0.4700288772583008,0.17868001759052277
Gated,GatedSAE_pythia-160m-deduped__0108,4,GatedAutoEncoder,,GatedSAE_pythia-160m-deduped__0108/resid_post_layer_8/trainer_4,full,1048576,6.316190454865222,64.9109746220368,48.63829708099365,0.9417322669632366,0.9631200092041164,0.9622906361098368,0.9998226050817176,0.92889404296875,1.000177426392823,0.0582677330367633,0.0582676806615007,5.237526262691362e-08,1.0052381610230805,-1.0144558819299334,0.9622906361098368,0.3027774545341231,0.0590848193846691,0.0178890034486759,0.2655953168869018,0.411412239074707,0.5993468165397644,0.841343104839325,0.0,1.0,1.7848437039447165e-07,15219.0,0.2725485265254974,0.4164098799228668,0.6011749505996704,0.841343343257904,0.0,1.0,3.954043847897992e-08,16384.0,0.07110595703125,0.0006103515625,-2.966370003416227,-3.7927132086659503,-2.1103064322403826,0.17232254147529602,0.14045807719230652,0.4288524091243744,0.13209044933319086
Gated,GatedSAE_pythia-160m-deduped__0108,3,GatedAutoEncoder,,GatedSAE_pythia-160m-deduped__0108/resid_post_layer_8/trainer_3,full,1048576,5.540291401979175,94.77692973570277,95.40507125854492,0.9553177029591065,0.9718630595579888,0.9707767439973118,0.9997422496672336,0.92694091796875,1.0002578167851286,0.0446822970408936,0.0446822076045138,8.943637982289365e-08,1.0046014518565896,-0.8001774528594723,0.9707767439973118,0.2393437091959109,0.0452730765709755,0.0108360948888169,0.2114061713218689,0.3334484398365021,0.5659776329994202,0.987047553062439,0.00311279296875,1.0,1.768573980598376e-07,15187.0,0.2151592522859573,0.3349036872386932,0.5243611335754395,0.9654192328453064,0.0003950747486669,1.0,3.7955807385969826e-08,16384.0,0.07305908203125,0.00225830078125,-2.6224862215491216,-3.3133706946861583,-1.8270468545037597,0.1723422110080719,0.14042726159095764,0.35201892256736755,0.07473199069499967
Gated,GatedSAE_pythia-160m-deduped__0108,2,GatedAutoEncoder,,GatedSAE_pythia-160m-deduped__0108/resid_post_layer_8/trainer_2,full,1048576,4.537524192759122,141.7667077110871,227.73162078857425,0.9701969196073346,0.981263399156156,0.9816435810153558,1.0008814502453325,0.71710205078125,0.9991193260249592,0.0298030803926654,0.0298020663833997,1.0140092656513169e-06,1.0040016029892325,-0.5275797973481424,0.9816435810153558,0.1668491630973848,0.0301373525013745,0.0050306895157484,0.1721571087837219,0.443259596824646,0.963158130645752,0.9866592288017272,0.04083251953125,1.0,1.774125877318511e-07,11749.0,0.1616972386837005,0.2707649767398834,0.7050908803939819,0.97706538438797,0.0060430676676332,1.0,3.8557075754397374e-08,16384.0,0.28289794921875,0.01116943359375,-1.9104480847613523,-4.201055977737755,-1.3911883000437504,0.16999967396259308,0.13838520646095276,0.5350912064313889,0.023312032222747747
Gated,GatedSAE_pythia-160m-deduped__0108,1,GatedAutoEncoder,,GatedSAE_pythia-160m-deduped__0108/resid_post_layer_8/trainer_1,full,1048576,3.716830855634896,174.68050677403863,357.2880754470825,0.9800731936683096,0.9874818443520916,0.9873854445176306,1.000065723384379,0.5538330078125,0.9999342809349002,0.0199268063316905,0.0199267867206288,1.9611061694707613e-08,1.001861504034253,-0.3411731887417915,0.9873854445176306,0.1221739800092753,0.0201241831101636,0.0024598447341901,0.1766436249017715,0.6198583841323853,0.9477287530899048,0.9856948852539062,0.03240966796875,1.0,1.7682306463484565e-07,9074.0,0.1708114445209503,0.351477712392807,0.8044583201408386,0.9799456596374512,0.0047388141974806,1.0,3.809920912090092e-08,16384.0,0.4461669921875,0.03460693359375,-1.5446528395196757,-3.975276934492967,-1.1473676910840809,0.16663764417171478,0.13602884113788605,0.6378206759691238,0.03478260338306424
Gated,GatedSAE_pythia-160m-deduped__0108,0,GatedAutoEncoder,,GatedSAE_pythia-160m-deduped__0108/resid_post_layer_8/trainer_0,full,1048576,2.4486079259039,233.88275071660223,483.0262956619263,0.9914092310891834,0.9946490059187902,0.9939314523814254,0.9993286645172568,0.59954833984375,1.000671786476842,0.0085907689108165,0.0085901867928098,5.821180067283604e-07,0.9999656702877556,-0.1413369530285741,0.9939314523814254,0.0748766520956768,0.0086673575326212,0.0006510725607347,0.1927638053894043,0.585704505443573,0.93622088432312,0.9777777791023254,0.0228271484375,1.0,1.787830115063116e-07,9823.0,0.2077847570180893,0.4378460645675659,0.8598968982696533,0.966176450252533,0.003563066245988,1.0,3.819392091486407e-08,16384.0,0.40045166015625,0.0777587890625,-1.773240490810687,-5.543478658559962,-0.7078832439382918,0.16805148124694824,0.13674677908420563,0.6918454170227051,0.07103797793388367
