arch,trainer,metric,mine,published,abs_diff,pct_diff
BatchTopK,0,l0,19.963136294909642,19.910211158521246,0.0529251363883958,0.2658190612194723
BatchTopK,0,frac_variance_explained,0.9249456626655341,0.9256864298473705,-0.0007407671818363548,-0.08002355419194104
BatchTopK,0,l2_ratio,0.9517442711549953,0.9514842954548922,0.0002599757001030545,0.027323172998747553
BatchTopK,0,relative_reconstruction_bias,0.999347239428087,0.9993569128441088,-9.673416021760417e-06,-0.0009679640874480435
BatchTopK,0,frac_alive,0.91839599609375,0.933837890625,-0.01544189453125,-1.65359477124183
BatchTopK,0,cossim,0.9523575516904964,0.9520920298316262,0.000265521858870188,0.027888255604570547
BatchTopK,0,l2_loss,7.175870329819503,7.165702819824219,0.010167509995284263,0.14189131549183728
BatchTopK,0,l1_loss,52.4852874901477,52.398841048731946,0.08644644141575242,0.16497777371708572
BatchTopK,5,l0,639.3273551993402,639.1975338097775,0.12982138956272138,0.02031005795484744
BatchTopK,5,frac_variance_explained,0.996365766418629,0.9963156291932771,5.013722535185394e-05,0.005032263259028704
BatchTopK,5,l2_ratio,0.9977003263231339,0.9976590293826479,4.129694048593535e-05,0.004139384225439219
BatchTopK,5,relative_reconstruction_bias,1.000237680697419,1.0002403476021506,-2.666904731718489e-06,-0.00026662639015830427
BatchTopK,5,frac_alive,0.06097412109375,0.06146240234375,-0.00048828125,-0.7944389275074478
BatchTopK,5,cossim,0.9978227512259008,0.9977991869955352,2.356423036564692e-05,0.002361620521720506
BatchTopK,5,l2_loss,1.5508651806287617,1.5527055624759558,-0.0018403818471941502,-0.11852742024440639
BatchTopK,5,l1_loss,626.8918780702866,626.5316938920455,0.3601841782410702,0.05748858066598171
JumpRelu,0,l0,20.360488025186708,20.316411776715015,0.04407624847169345,0.216948981720335
JumpRelu,0,frac_variance_explained,0.9170716825600075,0.9169782827417534,9.339981825406962e-05,0.010185608537511418
JumpRelu,0,l2_ratio,0.9476363375872795,0.9470895029694201,0.0005468346178594263,0.05773843086053956
JumpRelu,0,relative_reconstruction_bias,1.0005943872626972,1.0005664681813804,2.791908131682952e-05,0.002790327499938606
JumpRelu,0,frac_alive,0.40704345703125,0.423095703125,-0.01605224609375,-3.79399884593191
JumpRelu,0,cossim,0.947317649653213,0.9468502043241478,0.0004674453290651748,0.049368456270105845
JumpRelu,0,l2_loss,7.54424809655461,7.542313641812428,0.0019344547421820124,0.025648028364372823
JumpRelu,0,l1_loss,59.41062675033229,59.5405657664839,-0.12993901615161008,-0.21823611260468456
JumpRelu,5,l0,594.8789100596287,594.7365741040334,0.14233595559528567,0.02393260508817939
JumpRelu,5,frac_variance_explained,0.9957363272357531,0.9956594737897436,7.685344600949495e-05,0.007718848465024933
JumpRelu,5,l2_ratio,0.9971249695172345,0.9970332251255771,9.174439165737791e-05,0.009201738652773846
JumpRelu,5,relative_reconstruction_bias,0.9992715513634395,0.9992425413016813,2.901006175815013e-05,0.002903205233872414
JumpRelu,5,frac_alive,0.07464599609375,0.0777587890625,-0.00311279296875,-4.003139717425432
JumpRelu,5,cossim,0.9974350793707372,0.9974015067858868,3.357258485037207e-05,0.0033660050262566054
JumpRelu,5,l2_loss,1.695830023192646,1.7013380031987846,-0.005507980006138613,-0.32374401769564537
JumpRelu,5,l1_loss,438.8173149802568,438.71177857180675,0.10553640845006385,0.02405597788908921
Standard,0,l0,693.8244130410593,693.245662459408,0.5787505816513203,0.08348419802557484
Standard,0,frac_variance_explained,0.9718691721795902,0.9715100422681097,0.0003591299114805713,0.03696615535153279
Standard,0,l2_ratio,0.9535936005792208,0.9533848065927805,0.00020879398644035874,0.021900284648603698
Standard,0,relative_reconstruction_bias,0.9821480717121958,0.9820587484233351,8.932328886068763e-05,0.009095513787142918
Standard,0,frac_alive,0.74908447265625,0.74920654296875,-0.0001220703125,-0.016293279022403257
Standard,0,cossim,0.9830516471831988,0.9828673177454845,0.00018432943771429233,0.018754254453908378
Standard,0,l2_loss,4.411048629853188,4.413027272166976,-0.0019786423137873044,-0.04483639442399617
Standard,0,l1_loss,86.3898638121281,86.36697617496353,0.02288763716457254,0.02650044979947708
Standard,5,l0,52.358020408564,51.94378997618894,0.41423043237506363,0.7974590082182049
Standard,5,frac_variance_explained,0.9118835498848705,0.9111872135874737,0.000696336297396849,0.07642077138629656
Standard,5,l2_ratio,0.8923351813563043,0.891550215971039,0.0007849653852652905,0.08804499973233018
Standard,5,relative_reconstruction_bias,0.9655515029275,0.9651189223829523,0.00043258054454775596,0.044821475832188803
Standard,5,frac_alive,0.73040771484375,0.7325439453125,-0.00213623046875,-0.2916180636560573
Standard,5,cossim,0.9455895086918622,0.9451250573956823,0.0004644512961798908,0.04914178208963149
Standard,5,l2_loss,7.763556479570872,7.761060510773256,0.002495968797616044,0.03216015123385971
Standard,5,l1_loss,31.336874444691375,31.28638026225998,0.050494182431396695,0.16139349457535884
