model,arch,metric,l0,value
gemma-2-2b,BatchTopK,fve,54.48848810195922,0.8355587621874186
gemma-2-2b,BatchTopK,fve,74.12602535395,0.8491891661060758
gemma-2-2b,BatchTopK,fve,100.84088999666834,0.8623392674378759
gemma-2-2b,BatchTopK,fve,137.18373603284383,0.8753279861181913
gemma-2-2b,BatchTopK,fve,186.62446783790506,0.8879402529933375
gemma-2-2b,BatchTopK,fve,253.8835360734219,0.9002071209019332
gemma-2-2b,BatchTopK,fve,345.38263195546955,0.9128393146446943
gemma-2-2b,BatchTopK,fve,469.8578107955348,0.9266599891952073
gemma-2-2b,BatchTopK,fve,639.1935839843748,0.9404806637457204
gemma-2-2b,BatchTopK,frac_recovered,54.48848810195922,0.9883206444745547
gemma-2-2b,BatchTopK,frac_recovered,74.12602535395,0.9902555598573294
gemma-2-2b,BatchTopK,frac_recovered,100.84088999666834,0.9918253361764008
gemma-2-2b,BatchTopK,frac_recovered,137.18373603284383,0.9932724250232962
gemma-2-2b,BatchTopK,frac_recovered,186.62446783790506,0.994468251214831
gemma-2-2b,BatchTopK,frac_recovered,253.8835360734219,0.9954335409597274
gemma-2-2b,BatchTopK,frac_recovered,345.38263195546955,0.9964066043673931
gemma-2-2b,BatchTopK,frac_recovered,469.8578107955348,0.9974049571144465
gemma-2-2b,BatchTopK,frac_recovered,639.1935839843748,0.9984033098614999
gemma-2-2b,Gated,fve,54.48848810195922,0.8340168055716818
gemma-2-2b,Gated,fve,74.12602535395,0.8484005083975767
gemma-2-2b,Gated,fve,100.84088999666834,0.8619910596505163
gemma-2-2b,Gated,fve,137.18373603284383,0.8751037127068548
gemma-2-2b,Gated,fve,186.62446783790506,0.8880247735467406
gemma-2-2b,Gated,fve,253.8835360734219,0.9006807743790917
gemma-2-2b,Gated,fve,345.38263195546955,0.9133367752114427
gemma-2-2b,Gated,fve,469.8578107955348,0.9262043650722623
gemma-2-2b,Gated,fve,639.1935839843748,0.9392403424598342
gemma-2-2b,Gated,frac_recovered,54.48848810195922,0.9863142703893806
gemma-2-2b,Gated,frac_recovered,74.12602535395,0.9890922387463131
gemma-2-2b,Gated,frac_recovered,100.84088999666834,0.9909660227264037
gemma-2-2b,Gated,frac_recovered,137.18373603284383,0.992295007833465
gemma-2-2b,Gated,frac_recovered,186.62446783790506,0.9936961553364059
gemma-2-2b,Gated,frac_recovered,253.8835360734219,0.9951971365671968
gemma-2-2b,Gated,frac_recovered,345.38263195546955,0.9966981177979878
gemma-2-2b,Gated,frac_recovered,469.8578107955348,0.9974929071887904
gemma-2-2b,Gated,frac_recovered,639.1935839843748,0.9977256924992828
gemma-2-2b,JumpReLU,fve,54.48848810195922,0.8393110218769394
gemma-2-2b,JumpReLU,fve,74.12602535395,0.8531251511451845
gemma-2-2b,JumpReLU,fve,100.84088999666834,0.8667558447538731
gemma-2-2b,JumpReLU,fve,137.18373603284383,0.8803009643203147
gemma-2-2b,JumpReLU,fve,186.62446783790506,0.8938122711806838
gemma-2-2b,JumpReLU,fve,253.8835360734219,0.9072778793743471
gemma-2-2b,JumpReLU,fve,345.38263195546955,0.9211531134973477
gemma-2-2b,JumpReLU,fve,469.8578107955348,0.9375281905968256
gemma-2-2b,JumpReLU,fve,639.1935839843748,0.9539032676963035
gemma-2-2b,JumpReLU,frac_recovered,54.48848810195922,0.9871685604822911
gemma-2-2b,JumpReLU,frac_recovered,74.12602535395,0.9894203934664564
gemma-2-2b,JumpReLU,frac_recovered,100.84088999666834,0.9911990423478896
gemma-2-2b,JumpReLU,frac_recovered,137.18373603284383,0.9927569474737422
gemma-2-2b,JumpReLU,frac_recovered,186.62446783790506,0.9943067818849353
gemma-2-2b,JumpReLU,frac_recovered,253.8835360734219,0.9958457085356397
gemma-2-2b,JumpReLU,frac_recovered,345.38263195546955,0.9972411578689634
gemma-2-2b,JumpReLU,frac_recovered,469.8578107955348,0.9977610015864071
gemma-2-2b,JumpReLU,frac_recovered,639.1935839843748,0.9982808453038509
gemma-2-2b,Matryoshka-BatchTopK,fve,54.48848810195922,0.818957946785682
gemma-2-2b,Matryoshka-BatchTopK,fve,74.12602535395,0.8322757366561754
gemma-2-2b,Matryoshka-BatchTopK,fve,100.84088999666834,0.8447024418560349
gemma-2-2b,Matryoshka-BatchTopK,fve,137.18373603284383,0.8568615400567062
gemma-2-2b,Matryoshka-BatchTopK,fve,186.62446783790506,0.8702315916853545
gemma-2-2b,Matryoshka-BatchTopK,fve,253.8835360734219,0.8847850300895233
gemma-2-2b,Matryoshka-BatchTopK,fve,345.38263195546955,0.8995872279541487
gemma-2-2b,Matryoshka-BatchTopK,fve,469.8578107955348,0.9150905973442293
gemma-2-2b,Matryoshka-BatchTopK,fve,639.1935839843748,0.9305939667343099
gemma-2-2b,Matryoshka-BatchTopK,frac_recovered,54.48848810195922,0.9869507427232079
gemma-2-2b,Matryoshka-BatchTopK,frac_recovered,74.12602535395,0.9895865553017431
gemma-2-2b,Matryoshka-BatchTopK,frac_recovered,100.84088999666834,0.9913301601720241
gemma-2-2b,Matryoshka-BatchTopK,frac_recovered,137.18373603284383,0.9928058207769317
gemma-2-2b,Matryoshka-BatchTopK,frac_recovered,186.62446783790506,0.9941382592506839
gemma-2-2b,Matryoshka-BatchTopK,frac_recovered,253.8835360734219,0.9953307359620304
gemma-2-2b,Matryoshka-BatchTopK,frac_recovered,345.38263195546955,0.9964329974647573
gemma-2-2b,Matryoshka-BatchTopK,frac_recovered,469.8578107955348,0.9972809718126125
gemma-2-2b,Matryoshka-BatchTopK,frac_recovered,639.1935839843748,0.9981289461604678
gemma-2-2b,P-Anneal,fve,54.48848810195922,0.8172922248960799
gemma-2-2b,P-Anneal,fve,74.12602535395,0.829948282793241
gemma-2-2b,P-Anneal,fve,100.84088999666834,0.8425432194744789
gemma-2-2b,P-Anneal,fve,137.18373603284383,0.8551005936486908
gemma-2-2b,P-Anneal,fve,186.62446783790506,0.8682815670648376
gemma-2-2b,P-Anneal,fve,253.8835360734219,0.8817956267538265
gemma-2-2b,P-Anneal,fve,345.38263195546955,0.8953096864428154
gemma-2-2b,P-Anneal,fve,469.8578107955348,0.9106591110133292
gemma-2-2b,P-Anneal,fve,639.1935839843748,0.927944003990592
gemma-2-2b,P-Anneal,frac_recovered,54.48848810195922,0.9809124774140243
gemma-2-2b,P-Anneal,frac_recovered,74.12602535395,0.984764321121856
gemma-2-2b,P-Anneal,frac_recovered,100.84088999666834,0.9875216109157238
gemma-2-2b,P-Anneal,frac_recovered,137.18373603284383,0.989606234296423
gemma-2-2b,P-Anneal,frac_recovered,186.62446783790506,0.9912571680022433
gemma-2-2b,P-Anneal,frac_recovered,253.8835360734219,0.9926764528097627
gemma-2-2b,P-Anneal,frac_recovered,345.38263195546955,0.994095737617282
gemma-2-2b,P-Anneal,frac_recovered,469.8578107955348,0.9956404069919648
gemma-2-2b,P-Anneal,frac_recovered,639.1935839843748,0.9973172995942364
gemma-2-2b,Standard,fve,54.48848810195922,0.79404296875
gemma-2-2b,Standard,fve,74.12602535395,0.8078880940206123
gemma-2-2b,Standard,fve,100.84088999666834,0.8217332192912248
gemma-2-2b,Standard,fve,137.18373603284383,0.8349555681189565
gemma-2-2b,Standard,fve,186.62446783790506,0.8479373044107675
gemma-2-2b,Standard,fve,253.8835360734219,0.8602988916933972
gemma-2-2b,Standard,fve,345.38263195546955,0.8726604789760269
gemma-2-2b,Standard,fve,469.8578107955348,0.8857331113062176
gemma-2-2b,Standard,fve,639.1935839843748,0.8991840168941301
gemma-2-2b,Standard,frac_recovered,54.48848810195922,0.96748046875
gemma-2-2b,Standard,frac_recovered,74.12602535395,0.9732454881249764
gemma-2-2b,Standard,frac_recovered,100.84088999666834,0.9790105074999526
gemma-2-2b,Standard,frac_recovered,137.18373603284383,0.9832952283898133
gemma-2-2b,Standard,frac_recovered,186.62446783790506,0.986915786599761
gemma-2-2b,Standard,frac_recovered,253.8835360734219,0.9886208331215031
gemma-2-2b,Standard,frac_recovered,345.38263195546955,0.9903258796432451
gemma-2-2b,Standard,frac_recovered,469.8578107955348,0.9916926734240781
gemma-2-2b,Standard,frac_recovered,639.1935839843748,0.9928795180347761
gemma-2-2b,TopK,fve,54.48848810195922,0.8324198704508899
gemma-2-2b,TopK,fve,74.12602535395,0.8457737923618993
gemma-2-2b,TopK,fve,100.84088999666834,0.8583067726862732
gemma-2-2b,TopK,fve,137.18373603284383,0.8705694009723066
gemma-2-2b,TopK,fve,186.62446783790506,0.883819491468726
gemma-2-2b,TopK,fve,253.8835360734219,0.8980565623069958
gemma-2-2b,TopK,fve,345.38263195546955,0.9124269858778908
gemma-2-2b,TopK,fve,469.8578107955348,0.9271998210639454
gemma-2-2b,TopK,fve,639.1935839843748,0.94197265625
gemma-2-2b,TopK,frac_recovered,54.48848810195922,0.9874297145965093
gemma-2-2b,TopK,frac_recovered,74.12602535395,0.9896149018183108
gemma-2-2b,TopK,frac_recovered,100.84088999666834,0.9912392111587138
gemma-2-2b,TopK,frac_recovered,137.18373603284383,0.9926788124992241
gemma-2-2b,TopK,frac_recovered,186.62446783790506,0.9940102342418283
gemma-2-2b,TopK,frac_recovered,253.8835360734219,0.9952335291767437
gemma-2-2b,TopK,frac_recovered,345.38263195546955,0.9963966114773378
gemma-2-2b,TopK,frac_recovered,469.8578107955348,0.9973779932386689
gemma-2-2b,TopK,frac_recovered,639.1935839843748,0.998359375
pythia-160m,BatchTopK,fve,51.943789976188945,0.9463306104058647
pythia-160m,BatchTopK,fve,67.06773012470612,0.9514982217412127
pythia-160m,BatchTopK,fve,86.59515268605416,0.9566732171645275
pythia-160m,BatchTopK,fve,111.80817443467784,0.9618632771393505
pythia-160m,BatchTopK,fve,144.3622129259042,0.9670533371141735
pythia-160m,BatchTopK,fve,186.39467665255373,0.972902902832086
pythia-160m,BatchTopK,fve,240.66530139879737,0.9791580955722115
pythia-160m,BatchTopK,fve,310.7373468896778,0.9854132883123369
pythia-160m,BatchTopK,fve,401.21155060917505,0.989431541038851
pythia-160m,BatchTopK,frac_recovered,51.943789976188945,0.9764285832430928
pythia-160m,BatchTopK,frac_recovered,67.06773012470612,0.9802800032644108
pythia-160m,BatchTopK,frac_recovered,86.59515268605416,0.9837819400870945
pythia-160m,BatchTopK,frac_recovered,111.80817443467784,0.9865708832847416
pythia-160m,BatchTopK,frac_recovered,144.3622129259042,0.9893598264823886
pythia-160m,BatchTopK,frac_recovered,186.39467665255373,0.9918285626606824
pythia-160m,BatchTopK,frac_recovered,240.66530139879737,0.9941003564755276
pythia-160m,BatchTopK,frac_recovered,310.7373468896778,0.9963721502903728
pythia-160m,BatchTopK,frac_recovered,401.21155060917505,0.9974443214851476
pythia-160m,Gated,fve,51.943789976188945,0.9427982395136995
pythia-160m,Gated,fve,67.06773012470612,0.9480368201039076
pythia-160m,Gated,fve,86.59515268605416,0.9532754006941155
pythia-160m,Gated,fve,111.80817443467784,0.9579422110574062
pythia-160m,Gated,fve,144.3622129259042,0.9622603826339557
pythia-160m,Gated,fve,186.39467665255373,0.9665785542105053
pythia-160m,Gated,fve,240.66530139879737,0.9711650784837171
pythia-160m,Gated,fve,310.7373468896778,0.9767354158964122
pythia-160m,Gated,fve,401.21155060917505,0.9842245566612507
pythia-160m,Gated,frac_recovered,51.943789976188945,0.9757303761352965
pythia-160m,Gated,frac_recovered,67.06773012470612,0.9792444886360143
pythia-160m,Gated,frac_recovered,86.59515268605416,0.9827586011367321
pythia-160m,Gated,frac_recovered,111.80817443467784,0.9854075361920948
pythia-160m,Gated,frac_recovered,144.3622129259042,0.9875289264389592
pythia-160m,Gated,frac_recovered,186.39467665255373,0.9896503166858235
pythia-160m,Gated,frac_recovered,240.66530139879737,0.991751953854146
pythia-160m,Gated,frac_recovered,310.7373468896778,0.9937811738697568
pythia-160m,Gated,frac_recovered,401.21155060917505,0.9961823735459265
pythia-160m,JumpReLU,fve,51.943789976188945,0.9413458573238079
pythia-160m,JumpReLU,fve,67.06773012470612,0.9469773238148064
pythia-160m,JumpReLU,fve,86.59515268605416,0.9526638612448513
pythia-160m,JumpReLU,fve,111.80817443467784,0.958384356934664
pythia-160m,JumpReLU,fve,144.3622129259042,0.9641048526244765
pythia-160m,JumpReLU,fve,186.39467665255373,0.9703615181035837
pythia-160m,JumpReLU,fve,240.66530139879737,0.9768500882881077
pythia-160m,JumpReLU,fve,310.7373468896778,0.9832868348969898
pythia-160m,JumpReLU,fve,401.21155060917505,0.988157225889745
pythia-160m,JumpReLU,frac_recovered,51.943789976188945,0.9745661851669022
pythia-160m,JumpReLU,frac_recovered,67.06773012470612,0.9788952279225998
pythia-160m,JumpReLU,frac_recovered,86.59515268605416,0.9824686018536896
pythia-160m,JumpReLU,frac_recovered,111.80817443467784,0.985576009547616
pythia-160m,JumpReLU,frac_recovered,144.3622129259042,0.9886834172415424
pythia-160m,JumpReLU,frac_recovered,186.39467665255373,0.9913238350810515
pythia-160m,JumpReLU,frac_recovered,240.66530139879737,0.9937622699913027
pythia-160m,JumpReLU,frac_recovered,310.7373468896778,0.9961604785949395
pythia-160m,JumpReLU,frac_recovered,401.21155060917505,0.9973428563628803
pythia-160m,Matryoshka-BatchTopK,fve,51.943789976188945,0.9404277943651893
pythia-160m,Matryoshka-BatchTopK,fve,67.06773012470612,0.9457430581981245
pythia-160m,Matryoshka-BatchTopK,fve,86.59515268605416,0.9511205015882614
pythia-160m,Matryoshka-BatchTopK,fve,111.80817443467784,0.9566247987067341
pythia-160m,Matryoshka-BatchTopK,fve,144.3622129259042,0.9621290958252069
pythia-160m,Matryoshka-BatchTopK,fve,186.39467665255373,0.9683058988566762
pythia-160m,Matryoshka-BatchTopK,fve,240.66530139879737,0.9748947053153207
pythia-160m,Matryoshka-BatchTopK,fve,310.7373468896778,0.9814835117739653
pythia-160m,Matryoshka-BatchTopK,fve,401.21155060917505,0.9869297072969354
pythia-160m,Matryoshka-BatchTopK,frac_recovered,51.943789976188945,0.9735735602689253
pythia-160m,Matryoshka-BatchTopK,frac_recovered,67.06773012470612,0.9780245952623758
pythia-160m,Matryoshka-BatchTopK,frac_recovered,86.59515268605416,0.9819997193214196
pythia-160m,Matryoshka-BatchTopK,frac_recovered,111.80817443467784,0.9850039281938293
pythia-160m,Matryoshka-BatchTopK,frac_recovered,144.3622129259042,0.988008137066239
pythia-160m,Matryoshka-BatchTopK,frac_recovered,186.39467665255373,0.9906702768409045
pythia-160m,Matryoshka-BatchTopK,frac_recovered,240.66530139879737,0.9931228517063586
pythia-160m,Matryoshka-BatchTopK,frac_recovered,310.7373468896778,0.9955754265718126
pythia-160m,Matryoshka-BatchTopK,frac_recovered,401.21155060917505,0.9969836684630586
pythia-160m,P-Anneal,fve,51.943789976188945,0.934602087864619
pythia-160m,P-Anneal,fve,67.06773012470612,0.9400060465931215
pythia-160m,P-Anneal,fve,86.59515268605416,0.9455596892580708
pythia-160m,P-Anneal,fve,111.80817443467784,0.9511963275745934
pythia-160m,P-Anneal,fve,144.3622129259042,0.956832965891116
pythia-160m,P-Anneal,fve,186.39467665255373,0.9627112412317492
pythia-160m,P-Anneal,fve,240.66530139879737,0.9689403698822799
pythia-160m,P-Anneal,fve,310.7373468896778,0.9761430701564421
pythia-160m,P-Anneal,fve,401.21155060917505,0.98363655913307
pythia-160m,P-Anneal,frac_recovered,51.943789976188945,0.9665399998575559
pythia-160m,P-Anneal,frac_recovered,67.06773012470612,0.9717982463035503
pythia-160m,P-Anneal,frac_recovered,86.59515268605416,0.9759952423008958
pythia-160m,P-Anneal,frac_recovered,111.80817443467784,0.9796038039307401
pythia-160m,P-Anneal,frac_recovered,144.3622129259042,0.9832123655605843
pythia-160m,P-Anneal,frac_recovered,186.39467665255373,0.9865464583784654
pythia-160m,P-Anneal,frac_recovered,240.66530139879737,0.9894820266263009
pythia-160m,P-Anneal,frac_recovered,310.7373468896778,0.9925021108907983
pythia-160m,P-Anneal,frac_recovered,401.21155060917505,0.9955474386014134
pythia-160m,Standard,fve,51.943789976188945,0.9111872135874737
pythia-160m,Standard,fve,67.06773012470612,0.9178851729819422
pythia-160m,Standard,fve,86.59515268605416,0.9245831323764105
pythia-160m,Standard,fve,111.80817443467784,0.9308066529952538
pythia-160m,Standard,fve,144.3622129259042,0.9366848870810951
pythia-160m,Standard,fve,186.39467665255373,0.9425917531294119
pythia-160m,Standard,fve,240.66530139879737,0.9485091703752004
pythia-160m,Standard,fve,310.7373468896778,0.9544190882576447
pythia-160m,Standard,fve,401.21155060917505,0.9598896691833797
pythia-160m,Standard,frac_recovered,51.943789976188945,0.9424630604594587
pythia-160m,Standard,frac_recovered,67.06773012470612,0.9497867118175778
pythia-160m,Standard,frac_recovered,86.59515268605416,0.9571103631756969
pythia-160m,Standard,frac_recovered,111.80817443467784,0.9633150674692945
pythia-160m,Standard,frac_recovered,144.3622129259042,0.9687054256926072
pythia-160m,Standard,frac_recovered,186.39467665255373,0.9731353078581337
pythia-160m,Standard,frac_recovered,240.66530139879737,0.9772112438852741
pythia-160m,Standard,frac_recovered,310.7373468896778,0.981268739033524
pythia-160m,Standard,frac_recovered,401.21155060917505,0.9842459078609014
pythia-160m,TopK,fve,51.943789976188945,0.9465845183007382
pythia-160m,TopK,fve,67.06773012470612,0.9516946714077485
pythia-160m,TopK,fve,86.59515268605416,0.9568178222753986
pythia-160m,TopK,fve,111.80817443467784,0.9619698352168399
pythia-160m,TopK,fve,144.3622129259042,0.9671218481582811
pythia-160m,TopK,fve,186.39467665255373,0.9728272433448808
pythia-160m,TopK,fve,240.66530139879737,0.9789045993509791
pythia-160m,TopK,fve,310.7373468896778,0.9849819553570772
pythia-160m,TopK,fve,401.21155060917505,0.9890384173037605
pythia-160m,TopK,frac_recovered,51.943789976188945,0.9771269430010003
pythia-160m,TopK,frac_recovered,67.06773012470612,0.9807226698660736
pythia-160m,TopK,frac_recovered,86.59515268605416,0.9839552605962607
pythia-160m,TopK,frac_recovered,111.80817443467784,0.986381492276468
pythia-160m,TopK,frac_recovered,144.3622129259042,0.9888077239566754
pythia-160m,TopK,frac_recovered,186.39467665255373,0.9911613127745122
pythia-160m,TopK,frac_recovered,240.66530139879737,0.9934660740434814
pythia-160m,TopK,frac_recovered,310.7373468896778,0.9957708353124506
pythia-160m,TopK,frac_recovered,401.21155060917505,0.9970077674034725
