model,arch,trainer,layer,d_in,d_sae,k,l1,target_l0,l0,fve,frac_recovered,frac_alive,cossim,unit,repo
gemma-2-2b,BatchTopK,6,12,2304,16384,20.0,,,19.994365234375,0.790859375,0.97697265625,0.97857666015625,0.89044921875,gemma-2-2b_batch_top_k_width-2pow14_date-0107/resid_post_layer_12/trainer_6,canrager/saebench_gemma-2-2b_width-2pow14_date-0107
gemma-2-2b,BatchTopK,7,12,2304,16384,40.0,,,39.811513671875,0.82166015625,0.98634765625,0.98846435546875,0.90671875,gemma-2-2b_batch_top_k_width-2pow14_date-0107/resid_post_layer_12/trainer_7,canrager/saebench_gemma-2-2b_width-2pow14_date-0107
gemma-2-2b,BatchTopK,8,12,2304,16384,80.0,,,80.091689453125,0.8526171875,0.9907421875,0.99298095703125,0.9221484375,gemma-2-2b_batch_top_k_width-2pow14_date-0107/resid_post_layer_12/trainer_8,canrager/saebench_gemma-2-2b_width-2pow14_date-0107
gemma-2-2b,BatchTopK,9,12,2304,16384,160.0,,,158.950009765625,0.88154296875,0.99396484375,0.9896240234375,0.93748046875,gemma-2-2b_batch_top_k_width-2pow14_date-0107/resid_post_layer_12/trainer_9,canrager/saebench_gemma-2-2b_width-2pow14_date-0107
gemma-2-2b,BatchTopK,10,12,2304,16384,320.0,,,321.2723876953125,0.90958984375,0.996171875,0.96368408203125,0.953125,gemma-2-2b_batch_top_k_width-2pow14_date-0107/resid_post_layer_12/trainer_10,canrager/saebench_gemma-2-2b_width-2pow14_date-0107
gemma-2-2b,BatchTopK,11,12,2304,16384,640.0,,,642.0887109375,0.94068359375,0.99841796875,0.83428955078125,0.968359375,gemma-2-2b_batch_top_k_width-2pow14_date-0107/resid_post_layer_12/trainer_11,canrager/saebench_gemma-2-2b_width-2pow14_date-0107
gemma-2-2b,Gated,5,12,2304,16384,,0.08,,51.14205369949341,0.8310546875,0.9857421875,0.9327392578125,0.90625,gemma-2-2b_gated_width-2pow14_date-0107/resid_post_layer_12/trainer_5,canrager/saebench_gemma-2-2b_width-2pow14_date-0107
gemma-2-2b,Gated,4,12,2304,16384,,0.06,,83.21993579864503,0.85380859375,0.99013671875,0.9876708984375,0.91865234375,gemma-2-2b_gated_width-2pow14_date-0107/resid_post_layer_12/trainer_4,canrager/saebench_gemma-2-2b_width-2pow14_date-0107
gemma-2-2b,Gated,3,12,2304,16384,,0.04,,164.01664543151855,0.88271484375,0.99306640625,0.99920654296875,0.937109375,gemma-2-2b_gated_width-2pow14_date-0107/resid_post_layer_12/trainer_3,canrager/saebench_gemma-2-2b_width-2pow14_date-0107
gemma-2-2b,Gated,2,12,2304,16384,,0.024,,395.85386123657224,0.9189453125,0.99736328125,1.0,0.95703125,gemma-2-2b_gated_width-2pow14_date-0107/resid_post_layer_12/trainer_2,canrager/saebench_gemma-2-2b_width-2pow14_date-0107
gemma-2-2b,Gated,1,12,2304,16384,,0.018,,663.4876129150391,0.9408203125,0.99775390625,0.9998779296875,0.96875,gemma-2-2b_gated_width-2pow14_date-0107/resid_post_layer_12/trainer_1,canrager/saebench_gemma-2-2b_width-2pow14_date-0107
gemma-2-2b,Gated,0,12,2304,16384,,0.012,,1186.9907287597657,0.97421875,0.99892578125,0.9998779296875,0.984375,gemma-2-2b_gated_width-2pow14_date-0107/resid_post_layer_12/trainer_0,canrager/saebench_gemma-2-2b_width-2pow14_date-0107
gemma-2-2b,JumpReLU,0,12,2304,16384,,,20.0,20.490922355651854,0.79541015625,0.97373046875,0.738525390625,0.88671875,gemma-2-2b_jump_relu_width-2pow14_date-0107/resid_post_layer_12/trainer_0,canrager/saebench_gemma-2-2b_width-2pow14_date-0107
gemma-2-2b,JumpReLU,1,12,2304,16384,,,40.0,40.83756160736084,0.8263671875,0.98505859375,0.80804443359375,0.9060546875,gemma-2-2b_jump_relu_width-2pow14_date-0107/resid_post_layer_12/trainer_1,canrager/saebench_gemma-2-2b_width-2pow14_date-0107
gemma-2-2b,JumpReLU,2,12,2304,16384,,,80.0,81.75058631896972,0.85751953125,0.99013671875,0.90264892578125,0.921875,gemma-2-2b_jump_relu_width-2pow14_date-0107/resid_post_layer_12/trainer_2,canrager/saebench_gemma-2-2b_width-2pow14_date-0107
gemma-2-2b,JumpReLU,3,12,2304,16384,,,160.0,163.72926139831543,0.8880859375,0.99365234375,0.98638916015625,0.9375,gemma-2-2b_jump_relu_width-2pow14_date-0107/resid_post_layer_12/trainer_3,canrager/saebench_gemma-2-2b_width-2pow14_date-0107
gemma-2-2b,JumpReLU,4,12,2304,16384,,,320.0,330.73608551025393,0.91884765625,0.99716796875,0.99896240234375,0.953125,gemma-2-2b_jump_relu_width-2pow14_date-0107/resid_post_layer_12/trainer_4,canrager/saebench_gemma-2-2b_width-2pow14_date-0107
gemma-2-2b,JumpReLU,5,12,2304,16384,,,640.0,661.9154403686523,0.95576171875,0.99833984375,0.99835205078125,0.97265625,gemma-2-2b_jump_relu_width-2pow14_date-0107/resid_post_layer_12/trainer_5,canrager/saebench_gemma-2-2b_width-2pow14_date-0107
gemma-2-2b,Matryoshka-BatchTopK,0,12,2304,16384,20.0,,,19.93640625,0.77556640625,0.97251953125,0.97503662109375,0.8803515625,gemma-2-2b_matryoshka_batch_top_k_width-2pow14_date-0107/resid_post_layer_12/trainer_0,canrager/saebench_gemma-2-2b_width-2pow14_date-0107
gemma-2-2b,Matryoshka-BatchTopK,1,12,2304,16384,40.0,,,39.787099609375,0.8053515625,0.9842578125,0.98895263671875,0.89830078125,gemma-2-2b_matryoshka_batch_top_k_width-2pow14_date-0107/resid_post_layer_12/trainer_1,canrager/saebench_gemma-2-2b_width-2pow14_date-0107
gemma-2-2b,Matryoshka-BatchTopK,2,12,2304,16384,80.0,,,79.5869189453125,0.8353515625,0.9901953125,0.99517822265625,0.913984375,gemma-2-2b_matryoshka_batch_top_k_width-2pow14_date-0107/resid_post_layer_12/trainer_2,canrager/saebench_gemma-2-2b_width-2pow14_date-0107
gemma-2-2b,Matryoshka-BatchTopK,3,12,2304,16384,160.0,,,159.7225146484375,0.86287109375,0.99353515625,0.99530029296875,0.92955078125,gemma-2-2b_matryoshka_batch_top_k_width-2pow14_date-0107/resid_post_layer_12/trainer_3,canrager/saebench_gemma-2-2b_width-2pow14_date-0107
gemma-2-2b,Matryoshka-BatchTopK,4,12,2304,16384,320.0,,,318.637763671875,0.89552734375,0.9962109375,0.98675537109375,0.94501953125,gemma-2-2b_matryoshka_batch_top_k_width-2pow14_date-0107/resid_post_layer_12/trainer_4,canrager/saebench_gemma-2-2b_width-2pow14_date-0107
gemma-2-2b,Matryoshka-BatchTopK,5,12,2304,16384,640.0,,,642.8195556640625,0.93087890625,0.99814453125,0.87030029296875,0.9615625,gemma-2-2b_matryoshka_batch_top_k_width-2pow14_date-0107/resid_post_layer_12/trainer_5,canrager/saebench_gemma-2-2b_width-2pow14_date-0107
gemma-2-2b,P-Anneal,5,12,2304,16384,,,,53.836046409606936,0.816796875,0.98076171875,0.72259521484375,0.89853515625,gemma-2-2b_p_anneal_width-2pow14_date-0107/resid_post_layer_12/trainer_5,canrager/saebench_gemma-2-2b_width-2pow14_date-0107
gemma-2-2b,P-Anneal,4,12,2304,16384,,,,83.33907833099366,0.834765625,0.98623046875,0.725830078125,0.91015625,gemma-2-2b_p_anneal_width-2pow14_date-0107/resid_post_layer_12/trainer_4,canrager/saebench_gemma-2-2b_width-2pow14_date-0107
gemma-2-2b,P-Anneal,3,12,2304,16384,,,,152.70058250427246,0.85947265625,0.99033203125,0.72747802734375,0.921875,gemma-2-2b_p_anneal_width-2pow14_date-0107/resid_post_layer_12/trainer_3,canrager/saebench_gemma-2-2b_width-2pow14_date-0107
gemma-2-2b,P-Anneal,2,12,2304,16384,,,,404.489892578125,0.90224609375,0.99482421875,0.72235107421875,0.9453125,gemma-2-2b_p_anneal_width-2pow14_date-0107/resid_post_layer_12/trainer_2,canrager/saebench_gemma-2-2b_width-2pow14_date-0107
gemma-2-2b,P-Anneal,1,12,2304,16384,,,,644.6108749389648,0.92841796875,0.99736328125,0.71636962890625,0.9609375,gemma-2-2b_p_anneal_width-2pow14_date-0107/resid_post_layer_12/trainer_1,canrager/saebench_gemma-2-2b_width-2pow14_date-0107
gemma-2-2b,P-Anneal,0,12,2304,16384,,,,1050.8168701171876,0.96005859375,0.99833984375,0.62506103515625,0.9765625,gemma-2-2b_p_anneal_width-2pow14_date-0107/resid_post_layer_12/trainer_0,canrager/saebench_gemma-2-2b_width-2pow14_date-0107
gemma-2-2b,Standard,5,12,2304,16384,,0.06,,54.48848810195923,0.79404296875,0.96748046875,0.76971435546875,0.889453125,gemma-2-2b_standard_new_width-2pow14_date-0107/resid_post_layer_12/trainer_5,canrager/saebench_gemma-2-2b_width-2pow14_date-0107
gemma-2-2b,Standard,4,12,2304,16384,,0.04,,105.64809341430664,0.823828125,0.9798828125,0.77880859375,0.90625,gemma-2-2b_standard_new_width-2pow14_date-0107/resid_post_layer_12/trainer_4,canrager/saebench_gemma-2-2b_width-2pow14_date-0107
gemma-2-2b,Standard,3,12,2304,16384,,0.03,,176.95642585754393,0.84580078125,0.98662109375,0.7823486328125,0.91796875,gemma-2-2b_standard_new_width-2pow14_date-0107/resid_post_layer_12/trainer_3,canrager/saebench_gemma-2-2b_width-2pow14_date-0107
gemma-2-2b,Standard,2,12,2304,16384,,0.02,,384.34117660522463,0.876953125,0.99091796875,0.785888671875,0.93359375,gemma-2-2b_standard_new_width-2pow14_date-0107/resid_post_layer_12/trainer_2,canrager/saebench_gemma-2-2b_width-2pow14_date-0107
gemma-2-2b,Standard,1,12,2304,16384,,0.015,,654.1569732666015,0.9001953125,0.99296875,0.78765869140625,0.9453125,gemma-2-2b_standard_new_width-2pow14_date-0107/resid_post_layer_12/trainer_1,canrager/saebench_gemma-2-2b_width-2pow14_date-0107
gemma-2-2b,Standard,0,12,2304,16384,,0.012,,948.3802490234375,0.91796875,0.9951171875,0.78753662109375,0.95703125,gemma-2-2b_standard_new_width-2pow14_date-0107/resid_post_layer_12/trainer_0,canrager/saebench_gemma-2-2b_width-2pow14_date-0107
gemma-2-2b,TopK,0,12,2304,16384,20.0,,,19.997119140625,0.78849609375,0.9754296875,0.949951171875,0.88927734375,gemma-2-2b_top_k_width-2pow14_date-0107/resid_post_layer_12/trainer_0,canrager/saebench_gemma-2-2b_width-2pow14_date-0107
gemma-2-2b,TopK,1,12,2304,16384,40.0,,,39.99611328125,0.81900390625,0.985234375,0.98614501953125,0.90693359375,gemma-2-2b_top_k_width-2pow14_date-0107/resid_post_layer_12/trainer_1,canrager/saebench_gemma-2-2b_width-2pow14_date-0107
gemma-2-2b,TopK,2,12,2304,16384,80.0,,,79.9989892578125,0.84908203125,0.99015625,0.9962158203125,0.92232421875,gemma-2-2b_top_k_width-2pow14_date-0107/resid_post_layer_12/trainer_2,canrager/saebench_gemma-2-2b_width-2pow14_date-0107
gemma-2-2b,TopK,3,12,2304,16384,160.0,,,159.99974609375,0.87669921875,0.9933984375,0.99652099609375,0.9375,gemma-2-2b_top_k_width-2pow14_date-0107/resid_post_layer_12/trainer_3,canrager/saebench_gemma-2-2b_width-2pow14_date-0107
gemma-2-2b,TopK,4,12,2304,16384,320.0,,,319.9121923828125,0.90875,0.99615234375,0.99505615234375,0.953125,gemma-2-2b_top_k_width-2pow14_date-0107/resid_post_layer_12/trainer_4,canrager/saebench_gemma-2-2b_width-2pow14_date-0107
gemma-2-2b,TopK,5,12,2304,16384,640.0,,,639.193583984375,0.94197265625,0.998359375,0.95263671875,0.97115234375,gemma-2-2b_top_k_width-2pow14_date-0107/resid_post_layer_12/trainer_5,canrager/saebench_gemma-2-2b_width-2pow14_date-0107
pythia-160m,BatchTopK,0,8,768,16384,20.0,,,19.910211158521246,0.9256864298473705,0.9568525624997688,0.933837890625,0.9520920298316262,BatchTopK_pythia-160m-deduped__0108/resid_post_layer_8/trainer_0,adamkarvonen/saebench_pythia-160m-deduped_width-2pow14_date-0108
pythia-160m,BatchTopK,1,8,768,16384,40.0,,,39.82553227742513,0.9409584890712391,0.9724247419472897,0.92108154296875,0.9623859289920691,BatchTopK_pythia-160m-deduped__0108/resid_post_layer_8/trainer_1,adamkarvonen/saebench_pythia-160m-deduped_width-2pow14_date-0108
pythia-160m,BatchTopK,2,8,768,16384,80.0,,,79.61385576652758,0.9549660375623992,0.9828645659215522,0.873291015625,0.9716276183272853,BatchTopK_pythia-160m-deduped__0108/resid_post_layer_8/trainer_2,adamkarvonen/saebench_pythia-160m-deduped_width-2pow14_date-0108
pythia-160m,BatchTopK,3,8,768,16384,160.0,,,159.1172462232185,0.9690298311638109,0.9904219201116851,0.7470703125,0.98062437953371,BatchTopK_pythia-160m-deduped__0108/resid_post_layer_8/trainer_3,adamkarvonen/saebench_pythia-160m-deduped_width-2pow14_date-0108
pythia-160m,BatchTopK,4,8,768,16384,320.0,,,318.5566424745502,0.9860216288855581,0.9965930906209078,0.32232666015625,0.9912758794697848,BatchTopK_pythia-160m-deduped__0108/resid_post_layer_8/trainer_4,adamkarvonen/saebench_pythia-160m-deduped_width-2pow14_date-0108
pythia-160m,BatchTopK,5,8,768,16384,640.0,,,639.1975338097775,0.9963156291932771,0.9991628256711093,0.06146240234375,0.9977991869955352,BatchTopK_pythia-160m-deduped__0108/resid_post_layer_8/trainer_5,adamkarvonen/saebench_pythia-160m-deduped_width-2pow14_date-0108
pythia-160m,Gated,5,8,768,16384,,0.08,,30.90061481889472,0.9303119121545769,0.9655166954161173,0.86328125,0.9563094456511808,GatedSAE_pythia-160m-deduped__0108/resid_post_layer_8/trainer_5,adamkarvonen/saebench_pythia-160m-deduped_width-2pow14_date-0108
pythia-160m,Gated,4,8,768,16384,,0.06,,48.62305409075266,0.9414439212126904,0.9748218806393175,0.92987060546875,0.9631719384566847,GatedSAE_pythia-160m-deduped__0108/resid_post_layer_8/trainer_4,adamkarvonen/saebench_pythia-160m-deduped_width-2pow14_date-0108
pythia-160m,Gated,3,8,768,16384,,0.04,,95.3962563204478,0.9552597058824746,0.9840897005724619,0.9267578125,0.9718739264700786,GatedSAE_pythia-160m-deduped__0108/resid_post_layer_8/trainer_3,adamkarvonen/saebench_pythia-160m-deduped_width-2pow14_date-0108
pythia-160m,Gated,2,8,768,16384,,0.024,,227.8396312299981,0.9699712948626783,0.9913170700331768,0.71710205078125,0.9812705624534424,GatedSAE_pythia-160m-deduped__0108/resid_post_layer_8/trainer_2,adamkarvonen/saebench_pythia-160m-deduped_width-2pow14_date-0108
pythia-160m,Gated,1,8,768,16384,,0.018,,357.33407280244023,0.9797811321465366,0.9948906988264566,0.55438232421875,0.9874855103981064,GatedSAE_pythia-160m-deduped__0108/resid_post_layer_8/trainer_1,adamkarvonen/saebench_pythia-160m-deduped_width-2pow14_date-0108
pythia-160m,Gated,0,8,768,16384,,0.012,,483.06496126105986,0.9913476149001753,0.9982530004288777,0.59857177734375,0.9946498181446489,GatedSAE_pythia-160m-deduped__0108/resid_post_layer_8/trainer_0,adamkarvonen/saebench_pythia-160m-deduped_width-2pow14_date-0108
pythia-160m,JumpReLU,0,8,768,16384,,,20.0,20.316411776715015,0.9169782827417534,0.9492282486823668,0.423095703125,0.9468502043241478,JumpRelu_pythia-160m-deduped__0108/resid_post_layer_8/trainer_0,adamkarvonen/saebench_pythia-160m-deduped_width-2pow14_date-0108
pythia-160m,JumpReLU,1,8,768,16384,,,40.0,40.465813809130566,0.9358430052378092,0.9703360113752894,0.53546142578125,0.9595368070056639,JumpRelu_pythia-160m-deduped__0108/resid_post_layer_8/trainer_1,adamkarvonen/saebench_pythia-160m-deduped_width-2pow14_date-0108
pythia-160m,JumpReLU,2,8,768,16384,,,80.0,73.93405321419957,0.9491253247462124,0.9805464475269777,0.52166748046875,0.9681477079908531,JumpRelu_pythia-160m-deduped__0108/resid_post_layer_8/trainer_2,adamkarvonen/saebench_pythia-160m-deduped_width-2pow14_date-0108
pythia-160m,JumpReLU,3,8,768,16384,,,160.0,155.94150111186934,0.9658320416887123,0.9896216367382601,0.4205322265625,0.9784838686506432,JumpRelu_pythia-160m-deduped__0108/resid_post_layer_8/trainer_3,adamkarvonen/saebench_pythia-160m-deduped_width-2pow14_date-0108
pythia-160m,JumpReLU,4,8,768,16384,,,320.0,308.2046768004636,0.9831308564507818,0.9961226119334439,0.2725830078125,0.9895132137350289,JumpRelu_pythia-160m-deduped__0108/resid_post_layer_8/trainer_4,adamkarvonen/saebench_pythia-160m-deduped_width-2pow14_date-0108
pythia-160m,JumpReLU,5,8,768,16384,,,640.0,594.7365741040334,0.9956594737897436,0.9991641662206995,0.0777587890625,0.9974015067858868,JumpRelu_pythia-160m-deduped__0108/resid_post_layer_8/trainer_5,adamkarvonen/saebench_pythia-160m-deduped_width-2pow14_date-0108
pythia-160m,Matryoshka-BatchTopK,0,8,768,16384,20.0,,,19.92774974938595,0.9185879086003159,0.9492561925541271,0.87738037109375,0.947629041744001,MatryoshkaBatchTopK_pythia-160m-deduped__0108/resid_post_layer_8/trainer_0,adamkarvonen/saebench_pythia-160m-deduped_width-2pow14_date-0108
pythia-160m,Matryoshka-BatchTopK,1,8,768,16384,40.0,,,39.8682194334088,0.9349244598186377,0.9689650336901346,0.9034423828125,0.95862359530998,MatryoshkaBatchTopK_pythia-160m-deduped__0108/resid_post_layer_8/trainer_1,adamkarvonen/saebench_pythia-160m-deduped_width-2pow14_date-0108
pythia-160m,Matryoshka-BatchTopK,2,8,768,16384,80.0,,,79.61381715716738,0.9493099487189091,0.981011531569741,0.87103271484375,0.968103901906447,MatryoshkaBatchTopK_pythia-160m-deduped__0108/resid_post_layer_8/trainer_2,adamkarvonen/saebench_pythia-160m-deduped_width-2pow14_date-0108
pythia-160m,Matryoshka-BatchTopK,3,8,768,16384,160.0,,,159.0796592018821,0.9642201698187626,0.9891494313875834,0.66717529296875,0.977724425720446,MatryoshkaBatchTopK_pythia-160m-deduped__0108/resid_post_layer_8/trainer_3,adamkarvonen/saebench_pythia-160m-deduped_width-2pow14_date-0108
pythia-160m,Matryoshka-BatchTopK,4,8,768,16384,320.0,,,318.4963119969224,0.9821194139393893,0.9958121306968458,0.2459716796875,0.9888840588656339,MatryoshkaBatchTopK_pythia-160m-deduped__0108/resid_post_layer_8/trainer_4,adamkarvonen/saebench_pythia-160m-deduped_width-2pow14_date-0108
pythia-160m,Matryoshka-BatchTopK,5,8,768,16384,640.0,,,638.8220381303267,0.9966207399512782,0.9993439009695342,0.05511474609375,0.9979786349065376,MatryoshkaBatchTopK_pythia-160m-deduped__0108/resid_post_layer_8/trainer_5,adamkarvonen/saebench_pythia-160m-deduped_width-2pow14_date-0108
pythia-160m,P-Anneal,5,8,768,16384,,,,27.82367721235896,0.9210811422531864,0.951921901070928,0.6649169921875,0.9500051370586258,PAnneal_pythia-160m-deduped__0108/resid_post_layer_8/trainer_5,adamkarvonen/saebench_pythia-160m-deduped_width-2pow14_date-0108
pythia-160m,P-Anneal,4,8,768,16384,,,,41.2746576056423,0.929740074528269,0.9618090857942421,0.66766357421875,0.9557553210172308,PAnneal_pythia-160m-deduped__0108/resid_post_layer_8/trainer_4,adamkarvonen/saebench_pythia-160m-deduped_width-2pow14_date-0108
pythia-160m,P-Anneal,3,8,768,16384,,,,73.46823607295393,0.9419336117893816,0.973673836653491,0.6658935546875,0.9636158436895853,PAnneal_pythia-160m-deduped__0108/resid_post_layer_8/trainer_3,adamkarvonen/saebench_pythia-160m-deduped_width-2pow14_date-0108
pythia-160m,P-Anneal,2,8,768,16384,,,,167.94699023143355,0.9601707979139075,0.9853492372007255,0.6607666015625,0.9751063757632152,PAnneal_pythia-160m-deduped__0108/resid_post_layer_8/trainer_2,adamkarvonen/saebench_pythia-160m-deduped_width-2pow14_date-0108
pythia-160m,P-Anneal,1,8,768,16384,,,,255.23347252535532,0.9703729996480137,0.9901571744177715,0.65704345703125,0.9814757866313658,PAnneal_pythia-160m-deduped__0108/resid_post_layer_8/trainer_1,adamkarvonen/saebench_pythia-160m-deduped_width-2pow14_date-0108
pythia-160m,P-Anneal,0,8,768,16384,,,,401.211550609175,0.98363655913307,0.9955474386014134,0.65032958984375,0.9897847663925354,PAnneal_pythia-160m-deduped__0108/resid_post_layer_8/trainer_0,adamkarvonen/saebench_pythia-160m-deduped_width-2pow14_date-0108
pythia-160m,Standard,5,8,768,16384,,0.06,,51.94378997618894,0.9111872135874737,0.9424630604594587,0.7325439453125,0.9451250573956823,Standard_pythia-160m-deduped__0108/resid_post_layer_8/trainer_5,adamkarvonen/saebench_pythia-160m-deduped_width-2pow14_date-0108
pythia-160m,Standard,4,8,768,16384,,0.04,,96.43636142776673,0.9274044618549118,0.9601952480264457,0.74041748046875,0.9552818676793432,Standard_pythia-160m-deduped__0108/resid_post_layer_8/trainer_4,adamkarvonen/saebench_pythia-160m-deduped_width-2pow14_date-0108
pythia-160m,Standard,3,8,768,16384,,0.03,,154.64578734248516,0.9382677713790571,0.9701569353241518,0.74444580078125,0.9623248900275633,Standard_pythia-160m-deduped__0108/resid_post_layer_8/trainer_3,adamkarvonen/saebench_pythia-160m-deduped_width-2pow14_date-0108
pythia-160m,Standard,2,8,768,16384,,0.02,,309.40750894201807,0.9543272741587765,0.9812187724802868,0.7474365234375,0.9720740648637335,Standard_pythia-160m-deduped__0108/resid_post_layer_8/trainer_2,adamkarvonen/saebench_pythia-160m-deduped_width-2pow14_date-0108
pythia-160m,Standard,1,8,768,16384,,0.015,,495.6307437391166,0.9644140550889164,0.9867081437484327,0.748779296875,0.9784741110830422,Standard_pythia-160m-deduped__0108/resid_post_layer_8/trainer_1,adamkarvonen/saebench_pythia-160m-deduped_width-2pow14_date-0108
pythia-160m,Standard,0,8,768,16384,,0.012,,693.245662459408,0.9715100422681097,0.9900326175862048,0.74920654296875,0.9828673177454845,Standard_pythia-160m-deduped__0108/resid_post_layer_8/trainer_0,adamkarvonen/saebench_pythia-160m-deduped_width-2pow14_date-0108
pythia-160m,TopK,0,8,768,16384,20.0,,,19.99874230587121,0.9261308095671914,0.9583556218580767,0.97100830078125,0.9529453786936674,TopK_pythia-160m-deduped__0108/resid_post_layer_8/trainer_0,adamkarvonen/saebench_pythia-160m-deduped_width-2pow14_date-0108
pythia-160m,TopK,1,8,768,16384,40.0,,,39.99936976577296,0.9413592273538763,0.9734502001242205,0.99285888671875,0.9631030758221945,TopK_pythia-160m-deduped__0108/resid_post_layer_8/trainer_1,adamkarvonen/saebench_pythia-160m-deduped_width-2pow14_date-0108
pythia-160m,TopK,2,8,768,16384,80.0,,,79.98960506554806,0.9552180875431407,0.9832018993117593,0.9927978515625,0.9720208825487079,TopK_pythia-160m-deduped__0108/resid_post_layer_8/trainer_2,adamkarvonen/saebench_pythia-160m-deduped_width-2pow14_date-0108
pythia-160m,TopK,3,8,768,16384,160.0,,,159.97946166992188,0.9691928065184391,0.9897829980561228,0.94097900390625,0.9808063272273901,TopK_pythia-160m-deduped__0108/resid_post_layer_8/trainer_3,adamkarvonen/saebench_pythia-160m-deduped_width-2pow14_date-0108
pythia-160m,TopK,4,8,768,16384,320.0,,,320.0,0.98568051330971,0.9960357546806335,0.4578857421875,0.9909948363448634,TopK_pythia-160m-deduped__0108/resid_post_layer_8/trainer_4,adamkarvonen/saebench_pythia-160m-deduped_width-2pow14_date-0108
pythia-160m,TopK,5,8,768,16384,640.0,,,639.8206953568892,0.995967478463144,0.9990135232607523,0.06243896484375,0.9975080237244115,TopK_pythia-160m-deduped__0108/resid_post_layer_8/trainer_5,adamkarvonen/saebench_pythia-160m-deduped_width-2pow14_date-0108
