model,metric,arch,mean_rank,best_rank,worst_rank,rank_at_lowest_l0,rank_at_highest_l0
gemma-2-2b,frac_recovered,BatchTopK,1.6666666666666667,1.0,4.0,1.0,1.0
gemma-2-2b,frac_recovered,JumpReLU,2.4444444444444446,1.0,4.0,3.0,3.0
gemma-2-2b,frac_recovered,Matryoshka-BatchTopK,3.2222222222222223,2.0,5.0,4.0,4.0
gemma-2-2b,frac_recovered,TopK,3.3333333333333335,2.0,5.0,2.0,2.0
gemma-2-2b,frac_recovered,Gated,4.333333333333333,2.0,5.0,5.0,5.0
gemma-2-2b,frac_recovered,P-Anneal,6.0,6.0,6.0,6.0,6.0
gemma-2-2b,frac_recovered,Standard,7.0,7.0,7.0,7.0,7.0
gemma-2-2b,fve,JumpReLU,1.0,1.0,1.0,1.0,1.0
gemma-2-2b,fve,BatchTopK,2.5555555555555554,2.0,3.0,2.0,3.0
gemma-2-2b,fve,Gated,2.888888888888889,2.0,4.0,3.0,4.0
gemma-2-2b,fve,TopK,3.5555555555555554,2.0,4.0,4.0,2.0
gemma-2-2b,fve,Matryoshka-BatchTopK,5.0,5.0,5.0,5.0,5.0
gemma-2-2b,fve,P-Anneal,6.0,6.0,6.0,6.0,6.0
gemma-2-2b,fve,Standard,7.0,7.0,7.0,7.0,7.0
pythia-160m,frac_recovered,BatchTopK,1.3333333333333333,1.0,2.0,2.0,1.0
pythia-160m,frac_recovered,TopK,2.111111111111111,1.0,3.0,1.0,3.0
pythia-160m,frac_recovered,JumpReLU,2.888888888888889,2.0,4.0,4.0,2.0
pythia-160m,frac_recovered,Gated,4.222222222222222,3.0,5.0,3.0,5.0
pythia-160m,frac_recovered,Matryoshka-BatchTopK,4.444444444444445,4.0,5.0,5.0,4.0
pythia-160m,frac_recovered,P-Anneal,6.0,6.0,6.0,6.0,6.0
pythia-160m,frac_recovered,Standard,7.0,7.0,7.0,7.0,7.0
pythia-160m,fve,TopK,1.4444444444444444,1.0,2.0,1.0,2.0
pythia-160m,fve,BatchTopK,1.5555555555555556,1.0,2.0,2.0,1.0
pythia-160m,fve,JumpReLU,3.3333333333333335,3.0,4.0,4.0,3.0
pythia-160m,fve,Gated,4.111111111111111,3.0,5.0,3.0,5.0
pythia-160m,fve,Matryoshka-BatchTopK,4.555555555555555,4.0,5.0,5.0,4.0
pythia-160m,fve,P-Anneal,6.0,6.0,6.0,6.0,6.0
pythia-160m,fve,Standard,7.0,7.0,7.0,7.0,7.0
