model,repo,arch_dir,layer,trainer,unit,cfg.trainer.trainer_class,cfg.trainer.dict_class,cfg.trainer.lr,cfg.trainer.steps,cfg.trainer.auxk_alpha,cfg.trainer.warmup_steps,cfg.trainer.decay_start,cfg.trainer.threshold_beta,cfg.trainer.threshold_start_step,cfg.trainer.top_k_aux,cfg.trainer.seed,cfg.trainer.activation_dim,cfg.trainer.dict_size,cfg.trainer.k,cfg.trainer.device,cfg.trainer.layer,cfg.trainer.lm_name,cfg.trainer.wandb_name,cfg.trainer.submodule_name,cfg.buffer.d_submodule,cfg.buffer.io,cfg.buffer.n_ctxs,cfg.buffer.ctx_len,cfg.buffer.refresh_batch_size,cfg.buffer.out_batch_size,cfg.buffer.device,pub.l2_loss,pub.l1_loss,pub.l0,pub.frac_variance_explained,pub.cossim,pub.l2_ratio,pub.relative_reconstruction_bias,pub.loss_original,pub.loss_reconstructed,pub.loss_zero,pub.frac_recovered,pub.frac_alive,pub.hyperparameters.n_inputs,pub.hyperparameters.context_length,cfg.trainer.l1_penalty,cfg.trainer.sparsity_warmup_steps,cfg.trainer.bandwidth,cfg.trainer.sparsity_penalty,cfg.trainer.target_l0,cfg.trainer.sparsity_function,cfg.trainer.p_start,cfg.trainer.p_end,cfg.trainer.anneal_start,cfg.trainer.sparsity_queue_length,cfg.trainer.n_sparsity_updates,cfg.trainer.resample_steps
pythia-160m,adamkarvonen/saebench_pythia-160m-deduped_width-2pow14_date-0108,BatchTopK_pythia-160m-deduped__0108,8,0,BatchTopK_pythia-160m-deduped__0108/resid_post_layer_8/trainer_0,BatchTopKTrainer,BatchTopKSAE,0.0003,244140.0,0.03125,1000.0,195312.0,0.999,1000.0,384.0,0,768,16384,20.0,cuda:1,8,EleutherAI/pythia-160m-deduped,BatchTopKTrainer-EleutherAI/pythia-160m-deduped-resid_post_layer_8_trainer_0,resid_post_layer_8,768,out,244,1024,32,2048,cuda:1,7.165702819824219,52.398841048731946,19.910211158521246,0.9256864298473705,0.9520920298316262,0.9514842954548922,0.9993569128441088,2.6064688870401094,2.9917597409450645,12.187079458525687,0.9568525624997688,0.933837890625,200,1024,,,,,,,,,,,,
pythia-160m,adamkarvonen/saebench_pythia-160m-deduped_width-2pow14_date-0108,BatchTopK_pythia-160m-deduped__0108,8,1,BatchTopK_pythia-160m-deduped__0108/resid_post_layer_8/trainer_1,BatchTopKTrainer,BatchTopKSAE,0.0003,244140.0,0.03125,1000.0,195312.0,0.999,1000.0,384.0,0,768,16384,40.0,cuda:1,8,EleutherAI/pythia-160m-deduped,BatchTopKTrainer-EleutherAI/pythia-160m-deduped-resid_post_layer_8_trainer_1,resid_post_layer_8,768,out,244,1024,32,2048,cuda:1,6.358675190896699,67.62095688328598,39.82553227742513,0.9409584890712391,0.9623859289920691,0.9620392033548066,0.9997165492086699,2.6064688870401094,2.852238994656187,12.187079458525687,0.9724247419472897,0.92108154296875,200,1024,,,,,,,,,,,,
pythia-160m,adamkarvonen/saebench_pythia-160m-deduped_width-2pow14_date-0108,BatchTopK_pythia-160m-deduped__0108,8,2,BatchTopK_pythia-160m-deduped__0108/resid_post_layer_8/trainer_2,BatchTopKTrainer,BatchTopKSAE,0.0003,244140.0,0.03125,1000.0,195312.0,0.999,1000.0,384.0,0,768,16384,80.0,cuda:1,8,EleutherAI/pythia-160m-deduped,BatchTopKTrainer-EleutherAI/pythia-160m-deduped-resid_post_layer_8_trainer_2,resid_post_layer_8,768,out,244,1024,32,2048,cuda:1,5.535941615249172,90.0740072076971,79.61385576652758,0.9549660375623992,0.9716276183272853,0.9715044552629645,1.0009427467981975,2.6064688870401094,2.7588755361961597,12.187079458525687,0.9828645659215522,0.873291015625,200,1024,,,,,,,,,,,,
pythia-160m,adamkarvonen/saebench_pythia-160m-deduped_width-2pow14_date-0108,BatchTopK_pythia-160m-deduped__0108,8,3,BatchTopK_pythia-160m-deduped__0108/resid_post_layer_8/trainer_3,BatchTopKTrainer,BatchTopKSAE,0.0003,244140.0,0.03125,1000.0,195312.0,0.999,1000.0,384.0,0,768,16384,160.0,cuda:1,8,EleutherAI/pythia-160m-deduped,BatchTopKTrainer-EleutherAI/pythia-160m-deduped-resid_post_layer_8_trainer_3,resid_post_layer_8,768,out,244,1024,32,2048,cuda:1,4.596404407963608,153.62816642992425,159.1172462232185,0.9690298311638109,0.98062437953371,0.9803878791404493,1.0007607864611077,2.6064688870401094,2.6916814464511294,12.187079458525687,0.9904219201116851,0.7470703125,200,1024,,,,,,,,,,,,
pythia-160m,adamkarvonen/saebench_pythia-160m-deduped_width-2pow14_date-0108,BatchTopK_pythia-160m-deduped__0108,8,4,BatchTopK_pythia-160m-deduped__0108/resid_post_layer_8/trainer_4,BatchTopKTrainer,BatchTopKSAE,0.0003,244140.0,0.03125,1000.0,195312.0,0.999,1000.0,384.0,0,768,16384,320.0,cuda:1,8,EleutherAI/pythia-160m-deduped,BatchTopKTrainer-EleutherAI/pythia-160m-deduped-resid_post_layer_8_trainer_4,resid_post_layer_8,768,out,244,1024,32,2048,cuda:1,3.1190587029312598,295.7740866921165,318.5566424745502,0.9860216288855581,0.9912758794697848,0.9912153554685188,1.0004844918395535,2.6064688870401094,2.63657668503848,12.187079458525687,0.9965930906209078,0.32232666015625,200,1024,,,,,,,,,,,,
pythia-160m,adamkarvonen/saebench_pythia-160m-deduped_width-2pow14_date-0108,BatchTopK_pythia-160m-deduped__0108,8,5,BatchTopK_pythia-160m-deduped__0108/resid_post_layer_8/trainer_5,BatchTopKTrainer,BatchTopKSAE,0.0003,244140.0,0.03125,1000.0,195312.0,0.999,1000.0,384.0,0,768,16384,640.0,cuda:1,8,EleutherAI/pythia-160m-deduped,BatchTopKTrainer-EleutherAI/pythia-160m-deduped-resid_post_layer_8_trainer_5,resid_post_layer_8,768,out,244,1024,32,2048,cuda:1,1.5527055624759558,626.5316938920455,639.1975338097775,0.9963156291932771,0.9977991869955352,0.9976590293826479,1.0002403476021506,2.6064688870401094,2.6137762756058662,12.187079458525687,0.9991628256711093,0.06146240234375,200,1024,,,,,,,,,,,,
pythia-160m,adamkarvonen/saebench_pythia-160m-deduped_width-2pow14_date-0108,GatedSAE_pythia-160m-deduped__0108,8,0,GatedSAE_pythia-160m-deduped__0108/resid_post_layer_8/trainer_0,GatedSAETrainer,GatedAutoEncoder,0.0003,,,1000.0,195312.0,,,,0,768,16384,,cuda:0,8,EleutherAI/pythia-160m-deduped,GatedTrainer-EleutherAI/pythia-160m-deduped-resid_post_layer_8_trainer_12,resid_post_layer_8,768,out,244,1024,32,2048,cuda:0,2.449277211384601,233.9408302766731,483.06496126105986,0.9913476149001753,0.9946498181446489,0.9939263398388782,0.9993272940796541,2.591329812285412,2.6073691378156822,12.979128625019488,0.9982530004288777,0.59857177734375,1000,1024,0.012,5000.0,,,,,,,,,,
pythia-160m,adamkarvonen/saebench_pythia-160m-deduped_width-2pow14_date-0108,GatedSAE_pythia-160m-deduped__0108,8,1,GatedSAE_pythia-160m-deduped__0108/resid_post_layer_8/trainer_1,GatedSAETrainer,GatedAutoEncoder,0.0003,,,1000.0,195312.0,,,,0,768,16384,,cuda:0,8,EleutherAI/pythia-160m-deduped,GatedTrainer-EleutherAI/pythia-160m-deduped-resid_post_layer_8_trainer_13,resid_post_layer_8,768,out,244,1024,32,2048,cuda:0,3.718252821140979,174.70882599612315,357.33407280244023,0.9797811321465366,0.9874855103981064,0.9873908984373851,1.0000614502343788,2.591329812285412,2.638556733906987,12.979128625019488,0.9948906988264566,0.55438232421875,1000,1024,0.018,5000.0,,,,,,,,,,
pythia-160m,adamkarvonen/saebench_pythia-160m-deduped_width-2pow14_date-0108,GatedSAE_pythia-160m-deduped__0108,8,2,GatedSAE_pythia-160m-deduped__0108/resid_post_layer_8/trainer_2,GatedSAETrainer,GatedAutoEncoder,0.0003,,,1000.0,195312.0,,,,0,768,16384,,cuda:0,8,EleutherAI/pythia-160m-deduped,GatedTrainer-EleutherAI/pythia-160m-deduped-resid_post_layer_8_trainer_14,resid_post_layer_8,768,out,244,1024,32,2048,cuda:0,4.538920862128935,141.84569384103798,227.8396312299981,0.9699712948626783,0.9812705624534424,0.98167203241084,1.000891358737486,2.591329812285412,2.6714729882148376,12.979128625019488,0.9913170700331768,0.71710205078125,1000,1024,0.024,5000.0,,,,,,,,,,
pythia-160m,adamkarvonen/saebench_pythia-160m-deduped_width-2pow14_date-0108,GatedSAE_pythia-160m-deduped__0108,8,3,GatedSAE_pythia-160m-deduped__0108/resid_post_layer_8/trainer_3,GatedSAETrainer,GatedAutoEncoder,0.0003,,,1000.0,195312.0,,,,0,768,16384,,cuda:0,8,EleutherAI/pythia-160m-deduped,GatedTrainer-EleutherAI/pythia-160m-deduped-resid_post_layer_8_trainer_15,resid_post_layer_8,768,out,244,1024,32,2048,cuda:0,5.540974214852574,94.82435709022614,95.3962563204478,0.9552597058824746,0.9718739264700786,0.9708090194736618,0.9997583469712591,2.591329812285412,2.7390204301799637,12.979128625019488,0.9840897005724619,0.9267578125,1000,1024,0.04,5000.0,,,,,,,,,,
pythia-160m,adamkarvonen/saebench_pythia-160m-deduped_width-2pow14_date-0108,GatedSAE_pythia-160m-deduped__0108,8,4,GatedSAE_pythia-160m-deduped__0108/resid_post_layer_8/trainer_4,GatedSAETrainer,GatedAutoEncoder,0.0003,,,1000.0,195312.0,,,,0,768,16384,,cuda:0,8,EleutherAI/pythia-160m-deduped,GatedTrainer-EleutherAI/pythia-160m-deduped-resid_post_layer_8_trainer_16,resid_post_layer_8,768,out,244,1024,32,2048,cuda:0,6.3163925567305235,64.96194687808853,48.62305409075266,0.9414439212126904,0.9631719384566847,0.9623617971517954,0.9998143462531538,2.591329812285412,2.8256030183240592,12.979128625019488,0.9748218806393175,0.92987060546875,1000,1024,0.06,5000.0,,,,,,,,,,
pythia-160m,adamkarvonen/saebench_pythia-160m-deduped_width-2pow14_date-0108,GatedSAE_pythia-160m-deduped__0108,8,5,GatedSAE_pythia-160m-deduped__0108/resid_post_layer_8/trainer_5,GatedSAETrainer,GatedAutoEncoder,0.0003,,,1000.0,195312.0,,,,0,768,16384,,cuda:0,8,EleutherAI/pythia-160m-deduped,GatedTrainer-EleutherAI/pythia-160m-deduped-resid_post_layer_8_trainer_17,resid_post_layer_8,768,out,244,1024,32,2048,cuda:0,6.866190913211868,55.27316311755812,30.90061481889472,0.9303119121545769,0.9563094456511808,0.9556090986154165,0.9998748388635107,2.591329812285412,2.912389753812767,12.979128625019488,0.9655166954161173,0.86328125,1000,1024,0.08,5000.0,,,,,,,,,,
pythia-160m,adamkarvonen/saebench_pythia-160m-deduped_width-2pow14_date-0108,JumpRelu_pythia-160m-deduped__0108,8,0,JumpRelu_pythia-160m-deduped__0108/resid_post_layer_8/trainer_0,JumpReluTrainer,JumpReluAutoEncoder,0.0003,244140.0,,,,,,,0,768,16384,,cuda:0,8,EleutherAI/pythia-160m-deduped,JumpReluTrainer-EleutherAI/pythia-160m-deduped-resid_post_layer_8_trainer_30,resid_post_layer_8,768,out,244,1024,32,2048,cuda:0,7.542313641812428,59.5405657664839,20.316411776715015,0.9169782827417534,0.9468502043241478,0.9470895029694201,1.0005664681813804,2.591329812285412,3.063094075903835,12.979128625019488,0.9492282486823668,0.423095703125,1000,1024,,5000.0,0.001,1.0,20.0,,,,,,,
pythia-160m,adamkarvonen/saebench_pythia-160m-deduped_width-2pow14_date-0108,JumpRelu_pythia-160m-deduped__0108,8,1,JumpRelu_pythia-160m-deduped__0108/resid_post_layer_8/trainer_1,JumpReluTrainer,JumpReluAutoEncoder,0.0003,244140.0,,,,,,,0,768,16384,,cuda:0,8,EleutherAI/pythia-160m-deduped,JumpReluTrainer-EleutherAI/pythia-160m-deduped-resid_post_layer_8_trainer_31,resid_post_layer_8,768,out,244,1024,32,2048,cuda:0,6.596800962126399,68.14624850721245,40.465813809130566,0.9358430052378092,0.9595368070056639,0.9597559456365654,1.0001378511808006,2.591329812285412,2.866633120071457,12.979128625019488,0.9703360113752894,0.53546142578125,1000,1024,,5000.0,0.001,1.0,40.0,,,,,,,
pythia-160m,adamkarvonen/saebench_pythia-160m-deduped_width-2pow14_date-0108,JumpRelu_pythia-160m-deduped__0108,8,2,JumpRelu_pythia-160m-deduped__0108/resid_post_layer_8/trainer_2,JumpReluTrainer,JumpReluAutoEncoder,0.0003,244140.0,,,,,,,0,768,16384,,cuda:0,8,EleutherAI/pythia-160m-deduped,JumpReluTrainer-EleutherAI/pythia-160m-deduped-resid_post_layer_8_trainer_32,resid_post_layer_8,768,out,244,1024,32,2048,cuda:0,5.868561931403287,87.49280005765249,73.93405321419957,0.9491253247462124,0.9681477079908531,0.9674936364214104,0.9984568217432642,2.591329812285412,2.771394150802888,12.979128625019488,0.9805464475269777,0.52166748046875,1000,1024,,5000.0,0.001,1.0,80.0,,,,,,,
pythia-160m,adamkarvonen/saebench_pythia-160m-deduped_width-2pow14_date-0108,JumpRelu_pythia-160m-deduped__0108,8,3,JumpRelu_pythia-160m-deduped__0108/resid_post_layer_8/trainer_3,JumpReluTrainer,JumpReluAutoEncoder,0.0003,244140.0,,,,,,,0,768,16384,,cuda:0,8,EleutherAI/pythia-160m-deduped,JumpReluTrainer-EleutherAI/pythia-160m-deduped-resid_post_layer_8_trainer_33,resid_post_layer_8,768,out,244,1024,32,2048,cuda:0,4.841383078012122,130.77086565867964,155.94150111186934,0.9658320416887123,0.9784838686506432,0.978472747716559,1.0000444162322815,2.591329812285412,2.6872186675129166,12.979128625019488,0.9896216367382601,0.4205322265625,1000,1024,,5000.0,0.001,1.0,160.0,,,,,,,
pythia-160m,adamkarvonen/saebench_pythia-160m-deduped_width-2pow14_date-0108,JumpRelu_pythia-160m-deduped__0108,8,4,JumpRelu_pythia-160m-deduped__0108/resid_post_layer_8/trainer_4,JumpReluTrainer,JumpReluAutoEncoder,0.0003,244140.0,,,,,,,0,768,16384,,cuda:0,8,EleutherAI/pythia-160m-deduped,JumpReluTrainer-EleutherAI/pythia-160m-deduped-resid_post_layer_8_trainer_34,resid_post_layer_8,768,out,244,1024,32,2048,cuda:0,3.403391051005168,212.64206833437265,308.2046768004636,0.9831308564507818,0.9895132137350289,0.9899121196155088,1.0014854985547352,2.591329812285412,2.626830586467881,12.979128625019488,0.9961226119334439,0.2725830078125,1000,1024,,5000.0,0.001,1.0,320.0,,,,,,,
pythia-160m,adamkarvonen/saebench_pythia-160m-deduped_width-2pow14_date-0108,JumpRelu_pythia-160m-deduped__0108,8,5,JumpRelu_pythia-160m-deduped__0108/resid_post_layer_8/trainer_5,JumpReluTrainer,JumpReluAutoEncoder,0.0003,244140.0,,,,,,,0,768,16384,,cuda:0,8,EleutherAI/pythia-160m-deduped,JumpReluTrainer-EleutherAI/pythia-160m-deduped-resid_post_layer_8_trainer_35,resid_post_layer_8,768,out,244,1024,32,2048,cuda:0,1.7013380031987846,438.71177857180675,594.7365741040334,0.9956594737897436,0.9974015067858868,0.9970332251255771,0.9992425413016813,2.591329812285412,2.5989834702158547,12.979128625019488,0.9991641662206995,0.0777587890625,1000,1024,,5000.0,0.001,1.0,640.0,,,,,,,
pythia-160m,adamkarvonen/saebench_pythia-160m-deduped_width-2pow14_date-0108,MatryoshkaBatchTopK_pythia-160m-deduped__0108,8,0,MatryoshkaBatchTopK_pythia-160m-deduped__0108/resid_post_layer_8/trainer_0,MatryoshkaBatchTopKTrainer,MatryoshkaBatchTopKSAE,0.0003,244140.0,0.03125,1000.0,195312.0,0.999,1000.0,384.0,0,768,16384,20.0,cuda:0,8,EleutherAI/pythia-160m-deduped,MatryoshkaBatchTopKTrainer-EleutherAI/pythia-160m-deduped-resid_post_layer_8_trainer_0,resid_post_layer_8,768,out,244,1024,32,2048,cuda:0,7.503067392291444,57.648184805205375,19.92774974938595,0.9185879086003159,0.947629041744001,0.9552449746565386,1.0052419864770137,2.6064688870401094,3.059862620902784,12.187079458525687,0.9492561925541271,0.87738037109375,200,1024,,,,,,,,,,,,
pythia-160m,adamkarvonen/saebench_pythia-160m-deduped_width-2pow14_date-0108,MatryoshkaBatchTopK_pythia-160m-deduped__0108,8,1,MatryoshkaBatchTopK_pythia-160m-deduped__0108/resid_post_layer_8/trainer_1,MatryoshkaBatchTopKTrainer,MatryoshkaBatchTopKSAE,0.0003,244140.0,0.03125,1000.0,195312.0,0.999,1000.0,384.0,0,768,16384,40.0,cuda:0,8,EleutherAI/pythia-160m-deduped,MatryoshkaBatchTopKTrainer-EleutherAI/pythia-160m-deduped-resid_post_layer_8_trainer_1,resid_post_layer_8,768,out,244,1024,32,2048,cuda:0,6.681113040808476,75.43565345532966,39.8682194334088,0.9349244598186377,0.95862359530998,0.9662664424289357,1.0057821707292036,2.6064688870401094,2.883022969419306,12.187079458525687,0.9689650336901346,0.9034423828125,200,1024,,,,,,,,,,,,
pythia-160m,adamkarvonen/saebench_pythia-160m-deduped_width-2pow14_date-0108,MatryoshkaBatchTopK_pythia-160m-deduped__0108,8,2,MatryoshkaBatchTopK_pythia-160m-deduped__0108/resid_post_layer_8/trainer_2,MatryoshkaBatchTopKTrainer,MatryoshkaBatchTopKSAE,0.0003,244140.0,0.03125,1000.0,195312.0,0.999,1000.0,384.0,0,768,16384,80.0,cuda:0,8,EleutherAI/pythia-160m-deduped,MatryoshkaBatchTopKTrainer-EleutherAI/pythia-160m-deduped-resid_post_layer_8_trainer_2,resid_post_layer_8,768,out,244,1024,32,2048,cuda:0,5.880217046448679,107.21432587594697,79.61381715716738,0.9493099487189091,0.968103901906447,0.9761826793352762,1.0057118047367444,2.6064688870401094,2.775832931200663,12.187079458525687,0.981011531569741,0.87103271484375,200,1024,,,,,,,,,,,,
pythia-160m,adamkarvonen/saebench_pythia-160m-deduped_width-2pow14_date-0108,MatryoshkaBatchTopK_pythia-160m-deduped__0108,8,3,MatryoshkaBatchTopK_pythia-160m-deduped__0108/resid_post_layer_8/trainer_3,MatryoshkaBatchTopKTrainer,MatryoshkaBatchTopKSAE,0.0003,244140.0,0.03125,1000.0,195312.0,0.999,1000.0,384.0,0,768,16384,160.0,cuda:0,8,EleutherAI/pythia-160m-deduped,MatryoshkaBatchTopKTrainer-EleutherAI/pythia-160m-deduped-resid_post_layer_8_trainer_3,resid_post_layer_8,768,out,244,1024,32,2048,cuda:0,4.954983465599291,193.02208964029947,159.0796592018821,0.9642201698187626,0.977724425720446,0.9847773006468108,1.0048337452339404,2.6064688870401094,2.7032747485420923,12.187079458525687,0.9891494313875834,0.66717529296875,200,1024,,,,,,,,,,,,
pythia-160m,adamkarvonen/saebench_pythia-160m-deduped_width-2pow14_date-0108,MatryoshkaBatchTopK_pythia-160m-deduped__0108,8,4,MatryoshkaBatchTopK_pythia-160m-deduped__0108/resid_post_layer_8/trainer_4,MatryoshkaBatchTopKTrainer,MatryoshkaBatchTopKSAE,0.0003,244140.0,0.03125,1000.0,195312.0,0.999,1000.0,384.0,0,768,16384,320.0,cuda:0,8,EleutherAI/pythia-160m-deduped,MatryoshkaBatchTopKTrainer-EleutherAI/pythia-160m-deduped-resid_post_layer_8_trainer_4,resid_post_layer_8,768,out,244,1024,32,2048,cuda:0,3.53629664218787,326.76424246123344,318.4963119969224,0.9821194139393893,0.9888840588656339,0.9927890228502678,1.002148378979076,2.6064688870401094,2.643577243342544,12.187079458525687,0.9958121306968458,0.2459716796875,200,1024,,,,,,,,,,,,
pythia-160m,adamkarvonen/saebench_pythia-160m-deduped_width-2pow14_date-0108,MatryoshkaBatchTopK_pythia-160m-deduped__0108,8,5,MatryoshkaBatchTopK_pythia-160m-deduped__0108/resid_post_layer_8/trainer_5,MatryoshkaBatchTopKTrainer,MatryoshkaBatchTopKSAE,0.0003,244140.0,0.03125,1000.0,195312.0,0.999,1000.0,384.0,0,768,16384,640.0,cuda:0,8,EleutherAI/pythia-160m-deduped,MatryoshkaBatchTopKTrainer-EleutherAI/pythia-160m-deduped-resid_post_layer_8_trainer_5,resid_post_layer_8,768,out,244,1024,32,2048,cuda:0,1.4892961689920137,721.7255711410985,638.8220381303267,0.9966207399512782,0.9979786349065376,0.9975055961897878,1.0003309213753901,2.6064688870401094,2.6123990217844644,12.187079458525687,0.9993439009695342,0.05511474609375,200,1024,,,,,,,,,,,,
pythia-160m,adamkarvonen/saebench_pythia-160m-deduped_width-2pow14_date-0108,PAnneal_pythia-160m-deduped__0108,8,0,PAnneal_pythia-160m-deduped__0108/resid_post_layer_8/trainer_0,PAnnealTrainer,AutoEncoder,0.0003,244140.0,,1000.0,195312.0,,,,0,768,16384,,,8,EleutherAI/pythia-160m-deduped,PAnnealTrainer-EleutherAI/pythia-160m-deduped-resid_post_layer_8_trainer_0,resid_post_layer_8,768,out,244,1024,32,2048,cuda:0,3.3622507919748146,161.849647154291,401.211550609175,0.98363655913307,0.9897847663925354,0.9845664928476494,0.9970926865037665,2.591329812285412,2.632457171578005,12.979128625019488,0.9955474386014134,0.65032958984375,1000,1024,,5000.0,,0.006,,Lp^p,1.0,0.2,10000.0,10.0,10.0,
pythia-160m,adamkarvonen/saebench_pythia-160m-deduped_width-2pow14_date-0108,PAnneal_pythia-160m-deduped__0108,8,1,PAnneal_pythia-160m-deduped__0108/resid_post_layer_8/trainer_1,PAnnealTrainer,AutoEncoder,0.0003,244140.0,,1000.0,195312.0,,,,0,768,16384,,,8,EleutherAI/pythia-160m-deduped,PAnnealTrainer-EleutherAI/pythia-160m-deduped-resid_post_layer_8_trainer_1,resid_post_layer_8,768,out,244,1024,32,2048,cuda:0,4.5028303674904695,117.82930498238069,255.23347252535532,0.9703729996480137,0.9814757866313658,0.9766738077244127,0.9983646517776581,2.591329812285412,2.6821453894477294,12.979128625019488,0.9901571744177715,0.65704345703125,1000,1024,,5000.0,,0.008,,Lp^p,1.0,0.2,10000.0,10.0,10.0,
pythia-160m,adamkarvonen/saebench_pythia-160m-deduped_width-2pow14_date-0108,PAnneal_pythia-160m-deduped__0108,8,2,PAnneal_pythia-160m-deduped__0108/resid_post_layer_8/trainer_2,PAnnealTrainer,AutoEncoder,0.0003,244140.0,,1000.0,195312.0,,,,0,768,16384,,,8,EleutherAI/pythia-160m-deduped,PAnnealTrainer-EleutherAI/pythia-160m-deduped-resid_post_layer_8_trainer_2,resid_post_layer_8,768,out,244,1024,32,2048,cuda:0,5.202926089964717,93.26969257033015,167.94699023143355,0.9601707979139075,0.9751063757632152,0.9704936541706682,0.9973056086574692,2.591329812285412,2.7267462905631006,12.979128625019488,0.9853492372007255,0.6607666015625,1000,1024,,5000.0,,0.01,,Lp^p,1.0,0.2,10000.0,10.0,10.0,
pythia-160m,adamkarvonen/saebench_pythia-160m-deduped_width-2pow14_date-0108,PAnneal_pythia-160m-deduped__0108,8,3,PAnneal_pythia-160m-deduped__0108/resid_post_layer_8/trainer_3,PAnnealTrainer,AutoEncoder,0.0003,244140.0,,1000.0,195312.0,,,,0,768,16384,,,8,EleutherAI/pythia-160m-deduped,PAnnealTrainer-EleutherAI/pythia-160m-deduped-resid_post_layer_8_trainer_3,resid_post_layer_8,768,out,244,1024,32,2048,cuda:0,6.263203859329224,64.18408386965832,73.46823607295393,0.9419336117893816,0.9636158436895853,0.9587060428527464,0.9977090491587857,2.591329812285412,2.8357038907257905,12.979128625019488,0.973673836653491,0.6658935546875,1000,1024,,5000.0,,0.015,,Lp^p,1.0,0.2,10000.0,10.0,10.0,
pythia-160m,adamkarvonen/saebench_pythia-160m-deduped_width-2pow14_date-0108,PAnneal_pythia-160m-deduped__0108,8,4,PAnneal_pythia-160m-deduped__0108/resid_post_layer_8/trainer_4,PAnnealTrainer,AutoEncoder,0.0003,244140.0,,1000.0,195312.0,,,,0,768,16384,,,8,EleutherAI/pythia-160m-deduped,PAnnealTrainer-EleutherAI/pythia-160m-deduped-resid_post_layer_8_trainer_4,resid_post_layer_8,768,out,244,1024,32,2048,cuda:0,6.8961237625903395,51.952152091336536,41.2746576056423,0.929740074528269,0.9557553210172308,0.95038376586983,0.9986502840576401,2.591329812285412,2.9467881781509124,12.979128625019488,0.9618090857942421,0.66766357421875,1000,1024,,5000.0,,0.02,,Lp^p,1.0,0.2,10000.0,10.0,10.0,
pythia-160m,adamkarvonen/saebench_pythia-160m-deduped_width-2pow14_date-0108,PAnneal_pythia-160m-deduped__0108,8,5,PAnneal_pythia-160m-deduped__0108/resid_post_layer_8/trainer_5,PAnnealTrainer,AutoEncoder,0.0003,244140.0,,1000.0,195312.0,,,,0,768,16384,,,8,EleutherAI/pythia-160m-deduped,PAnnealTrainer-EleutherAI/pythia-160m-deduped-resid_post_layer_8_trainer_5,resid_post_layer_8,768,out,244,1024,32,2048,cuda:0,7.323505956006337,45.781148060258616,27.82367721235896,0.9210811422531864,0.9500051370586258,0.9441123252891632,0.9976531385657299,2.591329812285412,3.0392324558223587,12.979128625019488,0.951921901070928,0.6649169921875,1000,1024,,5000.0,,0.025,,Lp^p,1.0,0.2,10000.0,10.0,10.0,
pythia-160m,adamkarvonen/saebench_pythia-160m-deduped_width-2pow14_date-0108,Standard_pythia-160m-deduped__0108,8,0,Standard_pythia-160m-deduped__0108/resid_post_layer_8/trainer_0,StandardTrainerAprilUpdate,AutoEncoder,0.0003,244140.0,,1000.0,195312.0,,,,0,768,16384,,cuda:0,8,EleutherAI/pythia-160m-deduped,StandardTrainerNew-EleutherAI/pythia-160m-deduped-resid_post_layer_8_trainer_6,resid_post_layer_8,768,out,244,1024,32,2048,cuda:0,4.413027272166976,86.36697617496353,693.245662459408,0.9715100422681097,0.9828673177454845,0.9533848065927805,0.9820587484233351,2.591329812285412,2.683495038963226,12.979128625019488,0.9900326175862048,0.74920654296875,1000,1024,0.012,5000.0,,,,,,,,,,
pythia-160m,adamkarvonen/saebench_pythia-160m-deduped_width-2pow14_date-0108,Standard_pythia-160m-deduped__0108,8,1,Standard_pythia-160m-deduped__0108/resid_post_layer_8/trainer_1,StandardTrainerAprilUpdate,AutoEncoder,0.0003,244140.0,,1000.0,195312.0,,,,0,768,16384,,cuda:0,8,EleutherAI/pythia-160m-deduped,StandardTrainerNew-EleutherAI/pythia-160m-deduped-resid_post_layer_8_trainer_7,resid_post_layer_8,768,out,244,1024,32,2048,cuda:0,4.928134016243808,74.24602200611528,495.6307437391166,0.9644140550889164,0.9784741110830422,0.946569280811103,0.9802226797643915,2.591329812285412,2.7142408533268663,12.979128625019488,0.9867081437484327,0.748779296875,1000,1024,0.015,5000.0,,,,,,,,,,
pythia-160m,adamkarvonen/saebench_pythia-160m-deduped_width-2pow14_date-0108,Standard_pythia-160m-deduped__0108,8,2,Standard_pythia-160m-deduped__0108/resid_post_layer_8/trainer_2,StandardTrainerAprilUpdate,AutoEncoder,0.0003,244140.0,,1000.0,195312.0,,,,0,768,16384,,cuda:0,8,EleutherAI/pythia-160m-deduped,StandardTrainerNew-EleutherAI/pythia-160m-deduped-resid_post_layer_8_trainer_8,resid_post_layer_8,768,out,244,1024,32,2048,cuda:0,5.58367193463337,60.69475557717932,309.40750894201807,0.9543272741587765,0.9720740648637335,0.937349563980677,0.9785354941724295,2.591329812285412,2.765607705317348,12.979128625019488,0.9812187724802868,0.7474365234375,1000,1024,0.02,5000.0,,,,,,,,,,
pythia-160m,adamkarvonen/saebench_pythia-160m-deduped_width-2pow14_date-0108,Standard_pythia-160m-deduped__0108,8,3,Standard_pythia-160m-deduped__0108/resid_post_layer_8/trainer_3,StandardTrainerAprilUpdate,AutoEncoder,0.0003,244140.0,,1000.0,195312.0,,,,0,768,16384,,cuda:0,8,EleutherAI/pythia-160m-deduped,StandardTrainerNew-EleutherAI/pythia-160m-deduped-resid_post_layer_8_trainer_9,resid_post_layer_8,768,out,244,1024,32,2048,cuda:0,6.448484552911966,46.181850984872106,154.64578734248516,0.9382677713790571,0.9623248900275633,0.9227385366537485,0.9744020757904972,2.591329812285412,2.869060355496694,12.979128625019488,0.9701569353241518,0.74444580078125,1000,1024,0.03,5000.0,,,,,,,,,,
pythia-160m,adamkarvonen/saebench_pythia-160m-deduped_width-2pow14_date-0108,Standard_pythia-160m-deduped__0108,8,4,Standard_pythia-160m-deduped__0108/resid_post_layer_8/trainer_4,StandardTrainerAprilUpdate,AutoEncoder,0.0003,244140.0,,1000.0,195312.0,,,,0,768,16384,,cuda:0,8,EleutherAI/pythia-160m-deduped,StandardTrainerNew-EleutherAI/pythia-160m-deduped-resid_post_layer_8_trainer_10,resid_post_layer_8,768,out,244,1024,32,2048,cuda:0,7.007212920361255,38.88443358547716,96.43636142776673,0.9274044618549118,0.9552818676793432,0.911165978176048,0.9716554108154343,2.591329812285412,2.9624105699091072,12.979128625019488,0.9601952480264457,0.74041748046875,1000,1024,0.04,5000.0,,,,,,,,,,
pythia-160m,adamkarvonen/saebench_pythia-160m-deduped_width-2pow14_date-0108,Standard_pythia-160m-deduped__0108,8,5,Standard_pythia-160m-deduped__0108/resid_post_layer_8/trainer_5,StandardTrainerAprilUpdate,AutoEncoder,0.0003,244140.0,,1000.0,195312.0,,,,0,768,16384,,cuda:0,8,EleutherAI/pythia-160m-deduped,StandardTrainerNew-EleutherAI/pythia-160m-deduped-resid_post_layer_8_trainer_11,resid_post_layer_8,768,out,244,1024,32,2048,cuda:0,7.761060510773256,31.28638026225998,51.94378997618894,0.9111872135874737,0.9451250573956823,0.891550215971039,0.9651189223829523,2.591329812285412,3.1271837712770485,12.979128625019488,0.9424630604594587,0.7325439453125,1000,1024,0.06,5000.0,,,,,,,,,,
pythia-160m,adamkarvonen/saebench_pythia-160m-deduped_width-2pow14_date-0108,TopK_pythia-160m-deduped__0108,8,0,TopK_pythia-160m-deduped__0108/resid_post_layer_8/trainer_0,TopKTrainer,AutoEncoderTopK,0.0003,244140.0,0.03125,1000.0,195312.0,0.999,1000.0,,0,768,16384,20.0,cuda:0,8,EleutherAI/pythia-160m-deduped,TopKTrainer-EleutherAI/pythia-160m-deduped-resid_post_layer_8_trainer_0,resid_post_layer_8,768,out,244,1024,32,2048,cuda:0,7.10956572041367,51.419726747455016,19.99874230587121,0.9261308095671914,0.9529453786936674,0.9528289130239775,1.0015099120862556,2.6064688870401094,2.9800217296137954,12.187079458525687,0.9583556218580767,0.97100830078125,200,1024,,,,,,,,,,,,
pythia-160m,adamkarvonen/saebench_pythia-160m-deduped_width-2pow14_date-0108,TopK_pythia-160m-deduped__0108,8,1,TopK_pythia-160m-deduped__0108/resid_post_layer_8/trainer_1,TopKTrainer,AutoEncoderTopK,0.0003,244140.0,0.03125,1000.0,195312.0,0.999,1000.0,,0,768,16384,40.0,cuda:0,8,EleutherAI/pythia-160m-deduped,TopKTrainer-EleutherAI/pythia-160m-deduped-resid_post_layer_8_trainer_1,resid_post_layer_8,768,out,244,1024,32,2048,cuda:0,6.298781915144487,65.19652025627367,39.99936976577296,0.9413592273538763,0.9631030758221945,0.9631146662163012,1.0009909868240356,2.6064688870401094,2.843784288926558,12.187079458525687,0.9734502001242205,0.99285888671875,200,1024,,,,,,,,,,,,
pythia-160m,adamkarvonen/saebench_pythia-160m-deduped_width-2pow14_date-0108,TopK_pythia-160m-deduped__0108,8,2,TopK_pythia-160m-deduped__0108/resid_post_layer_8/trainer_2,TopKTrainer,AutoEncoderTopK,0.0003,244140.0,0.03125,1000.0,195312.0,0.999,1000.0,,0,768,16384,80.0,cuda:0,8,EleutherAI/pythia-160m-deduped,TopKTrainer-EleutherAI/pythia-160m-deduped-resid_post_layer_8_trainer_2,resid_post_layer_8,768,out,244,1024,32,2048,cuda:0,5.48234257553563,88.40633161140211,79.98960506554806,0.9552180875431407,0.9720208825487079,0.972093170339411,1.0002325664867053,2.6064688870401094,2.7563261480042427,12.187079458525687,0.9832018993117593,0.9927978515625,200,1024,,,,,,,,,,,,
pythia-160m,adamkarvonen/saebench_pythia-160m-deduped_width-2pow14_date-0108,TopK_pythia-160m-deduped__0108,8,3,TopK_pythia-160m-deduped__0108/resid_post_layer_8/trainer_3,TopKTrainer,AutoEncoderTopK,0.0003,244140.0,0.03125,1000.0,195312.0,0.999,1000.0,,0,768,16384,160.0,cuda:0,8,EleutherAI/pythia-160m-deduped,TopKTrainer-EleutherAI/pythia-160m-deduped-resid_post_layer_8_trainer_3,resid_post_layer_8,768,out,244,1024,32,2048,cuda:0,4.540305412176884,156.59205766157672,159.97946166992188,0.9691928065184391,0.9808063272273901,0.9807897011439005,1.0003096334861987,2.6064688870401094,2.6975065975478203,12.187079458525687,0.9897829980561228,0.94097900390625,200,1024,,,,,,,,,,,,
pythia-160m,adamkarvonen/saebench_pythia-160m-deduped_width-2pow14_date-0108,TopK_pythia-160m-deduped__0108,8,4,TopK_pythia-160m-deduped__0108/resid_post_layer_8/trainer_4,TopKTrainer,AutoEncoderTopK,0.0003,244140.0,0.03125,1000.0,195312.0,0.999,1000.0,,0,768,16384,320.0,cuda:0,8,EleutherAI/pythia-160m-deduped,TopKTrainer-EleutherAI/pythia-160m-deduped-resid_post_layer_8_trainer_4,resid_post_layer_8,768,out,244,1024,32,2048,cuda:0,3.127272938237046,286.77250070282906,320.0,0.98568051330971,0.9909948363448634,0.9907523158824805,0.9999155582803668,2.6064688870401094,2.6417208006887725,12.187079458525687,0.9960357546806335,0.4578857421875,200,1024,,,,,,,,,,,,
pythia-160m,adamkarvonen/saebench_pythia-160m-deduped_width-2pow14_date-0108,TopK_pythia-160m-deduped__0108,8,5,TopK_pythia-160m-deduped__0108/resid_post_layer_8/trainer_5,TopKTrainer,AutoEncoderTopK,0.0003,244140.0,0.03125,1000.0,195312.0,0.999,1000.0,,0,768,16384,640.0,cuda:0,8,EleutherAI/pythia-160m-deduped,TopKTrainer-EleutherAI/pythia-160m-deduped-resid_post_layer_8_trainer_5,resid_post_layer_8,768,out,244,1024,32,2048,cuda:0,1.6481144536625256,607.7699584960938,639.8206953568892,0.995967478463144,0.9975080237244115,0.9976696462342234,0.9993832635157036,2.6064688870401094,2.6151728268825645,12.187079458525687,0.9990135232607523,0.06243896484375,200,1024,,,,,,,,,,,,
gemma-2-2b,canrager/saebench_gemma-2-2b_width-2pow14_date-0107,gemma-2-2b_batch_top_k_width-2pow14_date-0107,12,10,gemma-2-2b_batch_top_k_width-2pow14_date-0107/resid_post_layer_12/trainer_10,BatchTopKTrainer,BatchTopKSAE,0.0003,244140.0,0.03125,1000.0,195312.0,0.999,1000.0,1152.0,0,2304,16384,320.0,cuda:0,12,google/gemma-2-2b,BatchTopKTrainer-google/gemma-2-2b-resid_post_layer_12_trainer_10,resid_post_layer_12,2304,out,244,1024,4,2048,cuda:0,42.79875,1562.96,321.2723876953125,0.90958984375,0.953125,0.95298828125,1.00021484375,2.152294921875,2.18591796875,12.4375,0.996171875,0.96368408203125,200,1024,,,,,,,,,,,,
gemma-2-2b,canrager/saebench_gemma-2-2b_width-2pow14_date-0107,gemma-2-2b_batch_top_k_width-2pow14_date-0107,12,11,gemma-2-2b_batch_top_k_width-2pow14_date-0107/resid_post_layer_12/trainer_11,BatchTopKTrainer,BatchTopKSAE,0.0003,244140.0,0.03125,1000.0,195312.0,0.999,1000.0,1152.0,0,2304,16384,640.0,cuda:0,12,google/gemma-2-2b,BatchTopKTrainer-google/gemma-2-2b-resid_post_layer_12_trainer_11,resid_post_layer_12,2304,out,244,1024,4,2048,cuda:0,34.8,2747.28,642.0887109375,0.94068359375,0.968359375,0.9684765625,0.999453125,2.152294921875,2.16748046875,12.4375,0.99841796875,0.83428955078125,200,1024,,,,,,,,,,,,
gemma-2-2b,canrager/saebench_gemma-2-2b_width-2pow14_date-0107,gemma-2-2b_batch_top_k_width-2pow14_date-0107,12,6,gemma-2-2b_batch_top_k_width-2pow14_date-0107/resid_post_layer_12/trainer_6,BatchTopKTrainer,BatchTopKSAE,0.0003,244140.0,0.03125,1000.0,195312.0,0.999,1000.0,1152.0,0,2304,16384,20.0,cuda:0,12,google/gemma-2-2b,BatchTopKTrainer-google/gemma-2-2b-resid_post_layer_12_trainer_6,resid_post_layer_12,2304,out,244,1024,4,2048,cuda:0,64.55875,286.01,19.994365234375,0.790859375,0.89044921875,0.890546875,1.00109375,2.152294921875,2.385322265625,12.4375,0.97697265625,0.97857666015625,200,1024,,,,,,,,,,,,
gemma-2-2b,canrager/saebench_gemma-2-2b_width-2pow14_date-0107,gemma-2-2b_batch_top_k_width-2pow14_date-0107,12,7,gemma-2-2b_batch_top_k_width-2pow14_date-0107/resid_post_layer_12/trainer_7,BatchTopKTrainer,BatchTopKSAE,0.0003,244140.0,0.03125,1000.0,195312.0,0.999,1000.0,1152.0,0,2304,16384,40.0,cuda:0,12,google/gemma-2-2b,BatchTopKTrainer-google/gemma-2-2b-resid_post_layer_12_trainer_7,resid_post_layer_12,2304,out,244,1024,4,2048,cuda:0,59.685,387.52,39.811513671875,0.82166015625,0.90671875,0.90642578125,1.000546875,2.152294921875,2.2889453125,12.4375,0.98634765625,0.98846435546875,200,1024,,,,,,,,,,,,
gemma-2-2b,canrager/saebench_gemma-2-2b_width-2pow14_date-0107,gemma-2-2b_batch_top_k_width-2pow14_date-0107,12,8,gemma-2-2b_batch_top_k_width-2pow14_date-0107/resid_post_layer_12/trainer_8,BatchTopKTrainer,BatchTopKSAE,0.0003,244140.0,0.03125,1000.0,195312.0,0.999,1000.0,1152.0,0,2304,16384,80.0,cuda:0,12,google/gemma-2-2b,BatchTopKTrainer-google/gemma-2-2b-resid_post_layer_12_trainer_8,resid_post_layer_12,2304,out,244,1024,4,2048,cuda:0,54.58,543.6,80.091689453125,0.8526171875,0.9221484375,0.92234375,1.00125,2.152294921875,2.23978515625,12.4375,0.9907421875,0.99298095703125,200,1024,,,,,,,,,,,,
gemma-2-2b,canrager/saebench_gemma-2-2b_width-2pow14_date-0107,gemma-2-2b_batch_top_k_width-2pow14_date-0107,12,9,gemma-2-2b_batch_top_k_width-2pow14_date-0107/resid_post_layer_12/trainer_9,BatchTopKTrainer,BatchTopKSAE,0.0003,244140.0,0.03125,1000.0,195312.0,0.999,1000.0,1152.0,0,2304,16384,160.0,cuda:0,12,google/gemma-2-2b,BatchTopKTrainer-google/gemma-2-2b-resid_post_layer_12_trainer_9,resid_post_layer_12,2304,out,244,1024,4,2048,cuda:0,49.27125,898.26,158.950009765625,0.88154296875,0.93748046875,0.93708984375,1.00015625,2.152294921875,2.206025390625,12.4375,0.99396484375,0.9896240234375,200,1024,,,,,,,,,,,,
gemma-2-2b,canrager/saebench_gemma-2-2b_width-2pow14_date-0107,gemma-2-2b_gated_width-2pow14_date-0107,12,0,gemma-2-2b_gated_width-2pow14_date-0107/resid_post_layer_12/trainer_0,GatedSAETrainer,GatedAutoEncoder,0.0003,,,1000.0,195312.0,,,,0,2304,16384,,cuda:6,12,google/gemma-2-2b,GatedTrainer-google/gemma-2-2b-resid_post_layer_12_trainer_0,resid_post_layer_12,2304,out,244,1024,128,2048,cuda:6,23.75,2320.8,1186.9907287597657,0.97421875,0.984375,0.984375,0.998828125,2.01171875,2.02109375,12.4375,0.99892578125,0.9998779296875,1000,1024,0.012,5000.0,,,,,,,,,,
gemma-2-2b,canrager/saebench_gemma-2-2b_width-2pow14_date-0107,gemma-2-2b_gated_width-2pow14_date-0107,12,1,gemma-2-2b_gated_width-2pow14_date-0107/resid_post_layer_12/trainer_1,GatedSAETrainer,GatedAutoEncoder,0.0003,,,1000.0,195312.0,,,,0,2304,16384,,cuda:6,12,google/gemma-2-2b,GatedTrainer-google/gemma-2-2b-resid_post_layer_12_trainer_1,resid_post_layer_12,2304,out,244,1024,128,2048,cuda:6,35.55,1487.0,663.4876129150391,0.9408203125,0.96875,0.96484375,0.99951171875,2.01171875,2.03515625,12.4375,0.99775390625,0.9998779296875,1000,1024,0.018,5000.0,,,,,,,,,,
gemma-2-2b,canrager/saebench_gemma-2-2b_width-2pow14_date-0107,gemma-2-2b_gated_width-2pow14_date-0107,12,2,gemma-2-2b_gated_width-2pow14_date-0107/resid_post_layer_12/trainer_2,GatedSAETrainer,GatedAutoEncoder,0.0003,,,1000.0,195312.0,,,,0,2304,16384,,cuda:6,12,google/gemma-2-2b,GatedTrainer-google/gemma-2-2b-resid_post_layer_12_trainer_2,resid_post_layer_12,2304,out,244,1024,128,2048,cuda:6,41.51875,1132.0,395.85386123657224,0.9189453125,0.95703125,0.953125,0.999609375,2.01171875,2.042578125,12.4375,0.99736328125,1.0,1000,1024,0.024,5000.0,,,,,,,,,,
gemma-2-2b,canrager/saebench_gemma-2-2b_width-2pow14_date-0107,gemma-2-2b_gated_width-2pow14_date-0107,12,3,gemma-2-2b_gated_width-2pow14_date-0107/resid_post_layer_12/trainer_3,GatedSAETrainer,GatedAutoEncoder,0.0003,,,1000.0,195312.0,,,,0,2304,16384,,cuda:6,12,google/gemma-2-2b,GatedTrainer-google/gemma-2-2b-resid_post_layer_12_trainer_3,resid_post_layer_12,2304,out,244,1024,128,2048,cuda:6,49.9125,725.7,164.01664543151855,0.88271484375,0.937109375,0.93359375,1.0005859375,2.01171875,2.073828125,12.4375,0.99306640625,0.99920654296875,1000,1024,0.04,5000.0,,,,,,,,,,
gemma-2-2b,canrager/saebench_gemma-2-2b_width-2pow14_date-0107,gemma-2-2b_gated_width-2pow14_date-0107,12,4,gemma-2-2b_gated_width-2pow14_date-0107/resid_post_layer_12/trainer_4,GatedSAETrainer,GatedAutoEncoder,0.0003,,,1000.0,195312.0,,,,0,2304,16384,,cuda:6,12,google/gemma-2-2b,GatedTrainer-google/gemma-2-2b-resid_post_layer_12_trainer_4,resid_post_layer_12,2304,out,244,1024,128,2048,cuda:6,55.5125,515.4,83.21993579864503,0.85380859375,0.91865234375,0.91796875,0.9982421875,2.01171875,2.115234375,12.4375,0.99013671875,0.9876708984375,1000,1024,0.06,5000.0,,,,,,,,,,
gemma-2-2b,canrager/saebench_gemma-2-2b_width-2pow14_date-0107,gemma-2-2b_gated_width-2pow14_date-0107,12,5,gemma-2-2b_gated_width-2pow14_date-0107/resid_post_layer_12/trainer_5,GatedSAETrainer,GatedAutoEncoder,0.0003,,,1000.0,195312.0,,,,0,2304,16384,,cuda:6,12,google/gemma-2-2b,GatedTrainer-google/gemma-2-2b-resid_post_layer_12_trainer_5,resid_post_layer_12,2304,out,244,1024,128,2048,cuda:6,59.4,408.2,51.14205369949341,0.8310546875,0.90625,0.90625,0.9986328125,2.01171875,2.16328125,12.4375,0.9857421875,0.9327392578125,1000,1024,0.08,5000.0,,,,,,,,,,
gemma-2-2b,canrager/saebench_gemma-2-2b_width-2pow14_date-0107,gemma-2-2b_jump_relu_width-2pow14_date-0107,12,0,gemma-2-2b_jump_relu_width-2pow14_date-0107/resid_post_layer_12/trainer_0,JumpReluTrainer,JumpReluAutoEncoder,0.0003,244140.0,,,,,,,0,2304,16384,,cuda:7,12,google/gemma-2-2b,JumpReluTrainer-google/gemma-2-2b-resid_post_layer_12_trainer_0,resid_post_layer_12,2304,out,244,1024,128,2048,cuda:7,65.525,284.8,20.490922355651854,0.79541015625,0.88671875,0.88642578125,0.99990234375,2.01171875,2.29375,12.4375,0.97373046875,0.738525390625,1000,1024,,5000.0,0.001,1.0,20.0,,,,,,,
gemma-2-2b,canrager/saebench_gemma-2-2b_width-2pow14_date-0107,gemma-2-2b_jump_relu_width-2pow14_date-0107,12,1,gemma-2-2b_jump_relu_width-2pow14_date-0107/resid_post_layer_12/trainer_1,JumpReluTrainer,JumpReluAutoEncoder,0.0003,244140.0,,,,,,,0,2304,16384,,cuda:7,12,google/gemma-2-2b,JumpReluTrainer-google/gemma-2-2b-resid_post_layer_12_trainer_1,resid_post_layer_12,2304,out,244,1024,128,2048,cuda:7,60.31875,391.35,40.83756160736084,0.8263671875,0.9060546875,0.904296875,1.00234375,2.01171875,2.1724609375,12.4375,0.98505859375,0.80804443359375,1000,1024,,5000.0,0.001,1.0,40.0,,,,,,,
gemma-2-2b,canrager/saebench_gemma-2-2b_width-2pow14_date-0107,gemma-2-2b_jump_relu_width-2pow14_date-0107,12,2,gemma-2-2b_jump_relu_width-2pow14_date-0107/resid_post_layer_12/trainer_2,JumpReluTrainer,JumpReluAutoEncoder,0.0003,244140.0,,,,,,,0,2304,16384,,cuda:7,12,google/gemma-2-2b,JumpReluTrainer-google/gemma-2-2b-resid_post_layer_12_trainer_2,resid_post_layer_12,2304,out,244,1024,128,2048,cuda:7,54.74375,544.2,81.75058631896972,0.85751953125,0.921875,0.921875,1.0,2.01171875,2.1134765625,12.4375,0.99013671875,0.90264892578125,1000,1024,,5000.0,0.001,1.0,80.0,,,,,,,
gemma-2-2b,canrager/saebench_gemma-2-2b_width-2pow14_date-0107,gemma-2-2b_jump_relu_width-2pow14_date-0107,12,3,gemma-2-2b_jump_relu_width-2pow14_date-0107/resid_post_layer_12/trainer_3,JumpReluTrainer,JumpReluAutoEncoder,0.0003,244140.0,,,,,,,0,2304,16384,,cuda:7,12,google/gemma-2-2b,JumpReluTrainer-google/gemma-2-2b-resid_post_layer_12_trainer_3,resid_post_layer_12,2304,out,244,1024,128,2048,cuda:7,48.74375,777.1,163.72926139831543,0.8880859375,0.9375,0.9375,1.001171875,2.01171875,2.0703125,12.4375,0.99365234375,0.98638916015625,1000,1024,,5000.0,0.001,1.0,160.0,,,,,,,
gemma-2-2b,canrager/saebench_gemma-2-2b_width-2pow14_date-0107,gemma-2-2b_jump_relu_width-2pow14_date-0107,12,4,gemma-2-2b_jump_relu_width-2pow14_date-0107/resid_post_layer_12/trainer_4,JumpReluTrainer,JumpReluAutoEncoder,0.0003,244140.0,,,,,,,0,2304,16384,,cuda:7,12,google/gemma-2-2b,JumpReluTrainer-google/gemma-2-2b-resid_post_layer_12_trainer_4,resid_post_layer_12,2304,out,244,1024,128,2048,cuda:7,41.70625,1189.0,330.73608551025393,0.91884765625,0.953125,0.953125,0.998828125,2.01171875,2.0470703125,12.4375,0.99716796875,0.99896240234375,1000,1024,,5000.0,0.001,1.0,320.0,,,,,,,
gemma-2-2b,canrager/saebench_gemma-2-2b_width-2pow14_date-0107,gemma-2-2b_jump_relu_width-2pow14_date-0107,12,5,gemma-2-2b_jump_relu_width-2pow14_date-0107/resid_post_layer_12/trainer_5,JumpReluTrainer,JumpReluAutoEncoder,0.0003,244140.0,,,,,,,0,2304,16384,,cuda:7,12,google/gemma-2-2b,JumpReluTrainer-google/gemma-2-2b-resid_post_layer_12_trainer_5,resid_post_layer_12,2304,out,244,1024,128,2048,cuda:7,30.625,1906.8,661.9154403686523,0.95576171875,0.97265625,0.97265625,0.99931640625,2.01171875,2.0294921875,12.4375,0.99833984375,0.99835205078125,1000,1024,,5000.0,0.001,1.0,640.0,,,,,,,
gemma-2-2b,canrager/saebench_gemma-2-2b_width-2pow14_date-0107,gemma-2-2b_matryoshka_batch_top_k_width-2pow14_date-0107,12,0,gemma-2-2b_matryoshka_batch_top_k_width-2pow14_date-0107/resid_post_layer_12/trainer_0,MatryoshkaBatchTopKTrainer,MatryoshkaBatchTopKSAE,0.0003,244140.0,0.03125,1000.0,195312.0,0.999,1000.0,1152.0,0,2304,16384,20.0,cuda:0,12,google/gemma-2-2b,MatryoshkaBatchTopKTrainer-google/gemma-2-2b-resid_post_layer_12_trainer_0,resid_post_layer_12,2304,out,244,1024,4,2048,cuda:0,67.37,327.97,19.93640625,0.77556640625,0.8803515625,0.8943359375,1.0115625,2.152919921875,2.432158203125,12.4375,0.97251953125,0.97503662109375,200,1024,,,,,,,,,,,,
gemma-2-2b,canrager/saebench_gemma-2-2b_width-2pow14_date-0107,gemma-2-2b_matryoshka_batch_top_k_width-2pow14_date-0107,12,1,gemma-2-2b_matryoshka_batch_top_k_width-2pow14_date-0107/resid_post_layer_12/trainer_1,MatryoshkaBatchTopKTrainer,MatryoshkaBatchTopKSAE,0.0003,244140.0,0.03125,1000.0,195312.0,0.999,1000.0,1152.0,0,2304,16384,40.0,cuda:0,12,google/gemma-2-2b,MatryoshkaBatchTopKTrainer-google/gemma-2-2b-resid_post_layer_12_trainer_1,resid_post_layer_12,2304,out,244,1024,4,2048,cuda:0,62.4925,456.61,39.787099609375,0.8053515625,0.89830078125,0.91130859375,1.01109375,2.152919921875,2.3084375,12.4375,0.9842578125,0.98895263671875,200,1024,,,,,,,,,,,,
gemma-2-2b,canrager/saebench_gemma-2-2b_width-2pow14_date-0107,gemma-2-2b_matryoshka_batch_top_k_width-2pow14_date-0107,12,2,gemma-2-2b_matryoshka_batch_top_k_width-2pow14_date-0107/resid_post_layer_12/trainer_2,MatryoshkaBatchTopKTrainer,MatryoshkaBatchTopKSAE,0.0003,244140.0,0.03125,1000.0,195312.0,0.999,1000.0,1152.0,0,2304,16384,80.0,cuda:0,12,google/gemma-2-2b,MatryoshkaBatchTopKTrainer-google/gemma-2-2b-resid_post_layer_12_trainer_2,resid_post_layer_12,2304,out,244,1024,4,2048,cuda:0,57.60625,652.08,79.5869189453125,0.8353515625,0.913984375,0.927265625,1.01140625,2.152919921875,2.248974609375,12.4375,0.9901953125,0.99517822265625,200,1024,,,,,,,,,,,,
gemma-2-2b,canrager/saebench_gemma-2-2b_width-2pow14_date-0107,gemma-2-2b_matryoshka_batch_top_k_width-2pow14_date-0107,12,3,gemma-2-2b_matryoshka_batch_top_k_width-2pow14_date-0107/resid_post_layer_12/trainer_3,MatryoshkaBatchTopKTrainer,MatryoshkaBatchTopKSAE,0.0003,244140.0,0.03125,1000.0,195312.0,0.999,1000.0,1152.0,0,2304,16384,160.0,cuda:0,12,google/gemma-2-2b,MatryoshkaBatchTopKTrainer-google/gemma-2-2b-resid_post_layer_12_trainer_3,resid_post_layer_12,2304,out,244,1024,4,2048,cuda:0,52.5275,1090.96,159.7225146484375,0.86287109375,0.92955078125,0.9429296875,1.013515625,2.152919921875,2.211611328125,12.4375,0.99353515625,0.99530029296875,200,1024,,,,,,,,,,,,
gemma-2-2b,canrager/saebench_gemma-2-2b_width-2pow14_date-0107,gemma-2-2b_matryoshka_batch_top_k_width-2pow14_date-0107,12,4,gemma-2-2b_matryoshka_batch_top_k_width-2pow14_date-0107/resid_post_layer_12/trainer_4,MatryoshkaBatchTopKTrainer,MatryoshkaBatchTopKSAE,0.0003,244140.0,0.03125,1000.0,195312.0,0.999,1000.0,1152.0,0,2304,16384,320.0,cuda:0,12,google/gemma-2-2b,MatryoshkaBatchTopKTrainer-google/gemma-2-2b-resid_post_layer_12_trainer_4,resid_post_layer_12,2304,out,244,1024,4,2048,cuda:0,46.54625,1779.28,318.637763671875,0.89552734375,0.94501953125,0.957578125,1.0115234375,2.152919921875,2.186728515625,12.4375,0.9962109375,0.98675537109375,200,1024,,,,,,,,,,,,
gemma-2-2b,canrager/saebench_gemma-2-2b_width-2pow14_date-0107,gemma-2-2b_matryoshka_batch_top_k_width-2pow14_date-0107,12,5,gemma-2-2b_matryoshka_batch_top_k_width-2pow14_date-0107/resid_post_layer_12/trainer_5,MatryoshkaBatchTopKTrainer,MatryoshkaBatchTopKSAE,0.0003,244140.0,0.03125,1000.0,195312.0,0.999,1000.0,1152.0,0,2304,16384,640.0,cuda:0,12,google/gemma-2-2b,MatryoshkaBatchTopKTrainer-google/gemma-2-2b-resid_post_layer_12_trainer_5,resid_post_layer_12,2304,out,244,1024,4,2048,cuda:0,37.88125,2958.8,642.8195556640625,0.93087890625,0.9615625,0.97265625,1.008046875,2.152919921875,2.16904296875,12.4375,0.99814453125,0.87030029296875,200,1024,,,,,,,,,,,,
gemma-2-2b,canrager/saebench_gemma-2-2b_width-2pow14_date-0107,gemma-2-2b_p_anneal_width-2pow14_date-0107,12,0,gemma-2-2b_p_anneal_width-2pow14_date-0107/resid_post_layer_12/trainer_0,PAnnealTrainer,AutoEncoder,0.0003,244140.0,,1000.0,195312.0,,,,0,2304,16384,,,12,google/gemma-2-2b,PAnnealTrainer-google/gemma-2-2b-resid_post_layer_12_trainer_0,resid_post_layer_12,2304,out,244,1024,128,2048,cuda:3,29.278125,1849.2,1050.8168701171876,0.96005859375,0.9765625,0.96484375,0.9939453125,2.01171875,2.0275390625,12.4375,0.99833984375,0.62506103515625,1000,1024,,5000.0,,0.006,,Lp^p,1.0,0.2,10000.0,10.0,10.0,
gemma-2-2b,canrager/saebench_gemma-2-2b_width-2pow14_date-0107,gemma-2-2b_p_anneal_width-2pow14_date-0107,12,1,gemma-2-2b_p_anneal_width-2pow14_date-0107/resid_post_layer_12/trainer_1,PAnnealTrainer,AutoEncoder,0.0003,244140.0,,1000.0,195312.0,,,,0,2304,16384,,,12,google/gemma-2-2b,PAnnealTrainer-google/gemma-2-2b-resid_post_layer_12_trainer_1,resid_post_layer_12,2304,out,244,1024,128,2048,cuda:3,39.25,1282.8,644.6108749389648,0.92841796875,0.9609375,0.94921875,0.99501953125,2.01171875,2.04453125,12.4375,0.99736328125,0.71636962890625,1000,1024,,5000.0,,0.008,,Lp^p,1.0,0.2,10000.0,10.0,10.0,
gemma-2-2b,canrager/saebench_gemma-2-2b_width-2pow14_date-0107,gemma-2-2b_p_anneal_width-2pow14_date-0107,12,2,gemma-2-2b_p_anneal_width-2pow14_date-0107/resid_post_layer_12/trainer_2,PAnnealTrainer,AutoEncoder,0.0003,244140.0,,1000.0,195312.0,,,,0,2304,16384,,,12,google/gemma-2-2b,PAnnealTrainer-google/gemma-2-2b-resid_post_layer_12_trainer_2,resid_post_layer_12,2304,out,244,1024,128,2048,cuda:3,45.6,929.8,404.489892578125,0.90224609375,0.9453125,0.9375,0.996875,2.01171875,2.0609375,12.4375,0.99482421875,0.72235107421875,1000,1024,,5000.0,,0.01,,Lp^p,1.0,0.2,10000.0,10.0,10.0,
gemma-2-2b,canrager/saebench_gemma-2-2b_width-2pow14_date-0107,gemma-2-2b_p_anneal_width-2pow14_date-0107,12,3,gemma-2-2b_p_anneal_width-2pow14_date-0107/resid_post_layer_12/trainer_3,PAnnealTrainer,AutoEncoder,0.0003,244140.0,,1000.0,195312.0,,,,0,2304,16384,,,12,google/gemma-2-2b,PAnnealTrainer-google/gemma-2-2b-resid_post_layer_12_trainer_3,resid_post_layer_12,2304,out,244,1024,128,2048,cuda:3,54.41875,541.1,152.70058250427246,0.85947265625,0.921875,0.91796875,0.99755859375,2.01171875,2.1091796875,12.4375,0.99033203125,0.72747802734375,1000,1024,,5000.0,,0.015,,Lp^p,1.0,0.2,10000.0,10.0,10.0,
gemma-2-2b,canrager/saebench_gemma-2-2b_width-2pow14_date-0107,gemma-2-2b_p_anneal_width-2pow14_date-0107,12,4,gemma-2-2b_p_anneal_width-2pow14_date-0107/resid_post_layer_12/trainer_4,PAnnealTrainer,AutoEncoder,0.0003,244140.0,,1000.0,195312.0,,,,0,2304,16384,,,12,google/gemma-2-2b,PAnnealTrainer-google/gemma-2-2b-resid_post_layer_12_trainer_4,resid_post_layer_12,2304,out,244,1024,128,2048,cuda:3,58.75,405.6,83.33907833099366,0.834765625,0.91015625,0.90234375,0.99736328125,2.01171875,2.1595703125,12.4375,0.98623046875,0.725830078125,1000,1024,,5000.0,,0.02,,Lp^p,1.0,0.2,10000.0,10.0,10.0,
gemma-2-2b,canrager/saebench_gemma-2-2b_width-2pow14_date-0107,gemma-2-2b_p_anneal_width-2pow14_date-0107,12,5,gemma-2-2b_p_anneal_width-2pow14_date-0107/resid_post_layer_12/trainer_5,PAnnealTrainer,AutoEncoder,0.0003,244140.0,,1000.0,195312.0,,,,0,2304,16384,,,12,google/gemma-2-2b,PAnnealTrainer-google/gemma-2-2b-resid_post_layer_12_trainer_5,resid_post_layer_12,2304,out,244,1024,128,2048,cuda:3,61.7,333.6,53.836046409606936,0.816796875,0.89853515625,0.89453125,0.99794921875,2.01171875,2.2107421875,12.4375,0.98076171875,0.72259521484375,1000,1024,,5000.0,,0.025,,Lp^p,1.0,0.2,10000.0,10.0,10.0,
gemma-2-2b,canrager/saebench_gemma-2-2b_width-2pow14_date-0107,gemma-2-2b_standard_new_width-2pow14_date-0107,12,0,gemma-2-2b_standard_new_width-2pow14_date-0107/resid_post_layer_12/trainer_0,StandardTrainerAprilUpdate,AutoEncoder,0.0003,244140.0,,1000.0,195312.0,,,,0,2304,16384,,cuda:2,12,google/gemma-2-2b,StandardTrainerNew-google/gemma-2-2b-resid_post_layer_12_trainer_0,resid_post_layer_12,2304,out,244,1024,128,2048,cuda:2,41.8625,839.3,948.3802490234375,0.91796875,0.95703125,0.91015625,0.96767578125,2.01171875,2.0599609375,12.4375,0.9951171875,0.78753662109375,1000,1024,0.012,5000.0,,,,,,,,,,
gemma-2-2b,canrager/saebench_gemma-2-2b_width-2pow14_date-0107,gemma-2-2b_standard_new_width-2pow14_date-0107,12,1,gemma-2-2b_standard_new_width-2pow14_date-0107/resid_post_layer_12/trainer_1,StandardTrainerAprilUpdate,AutoEncoder,0.0003,244140.0,,1000.0,195312.0,,,,0,2304,16384,,cuda:2,12,google/gemma-2-2b,StandardTrainerNew-google/gemma-2-2b-resid_post_layer_12_trainer_1,resid_post_layer_12,2304,out,244,1024,128,2048,cuda:2,46.0,676.7,654.1569732666015,0.9001953125,0.9453125,0.8984375,0.96708984375,2.01171875,2.07421875,12.4375,0.99296875,0.78765869140625,1000,1024,0.015,5000.0,,,,,,,,,,
gemma-2-2b,canrager/saebench_gemma-2-2b_width-2pow14_date-0107,gemma-2-2b_standard_new_width-2pow14_date-0107,12,2,gemma-2-2b_standard_new_width-2pow14_date-0107/resid_post_layer_12/trainer_2,StandardTrainerAprilUpdate,AutoEncoder,0.0003,244140.0,,1000.0,195312.0,,,,0,2304,16384,,cuda:2,12,google/gemma-2-2b,StandardTrainerNew-google/gemma-2-2b-resid_post_layer_12_trainer_2,resid_post_layer_12,2304,out,244,1024,128,2048,cuda:2,51.0125,511.9,384.34117660522463,0.876953125,0.93359375,0.88671875,0.9646484375,2.01171875,2.101953125,12.4375,0.99091796875,0.785888671875,1000,1024,0.02,5000.0,,,,,,,,,,
gemma-2-2b,canrager/saebench_gemma-2-2b_width-2pow14_date-0107,gemma-2-2b_standard_new_width-2pow14_date-0107,12,3,gemma-2-2b_standard_new_width-2pow14_date-0107/resid_post_layer_12/trainer_3,StandardTrainerAprilUpdate,AutoEncoder,0.0003,244140.0,,1000.0,195312.0,,,,0,2304,16384,,cuda:2,12,google/gemma-2-2b,StandardTrainerNew-google/gemma-2-2b-resid_post_layer_12_trainer_3,resid_post_layer_12,2304,out,244,1024,128,2048,cuda:2,57.0125,353.95,176.95642585754393,0.84580078125,0.91796875,0.8671875,0.96279296875,2.01171875,2.1583984375,12.4375,0.98662109375,0.7823486328125,1000,1024,0.03,5000.0,,,,,,,,,,
gemma-2-2b,canrager/saebench_gemma-2-2b_width-2pow14_date-0107,gemma-2-2b_standard_new_width-2pow14_date-0107,12,4,gemma-2-2b_standard_new_width-2pow14_date-0107/resid_post_layer_12/trainer_4,StandardTrainerAprilUpdate,AutoEncoder,0.0003,244140.0,,1000.0,195312.0,,,,0,2304,16384,,cuda:2,12,google/gemma-2-2b,StandardTrainerNew-google/gemma-2-2b-resid_post_layer_12_trainer_4,resid_post_layer_12,2304,out,244,1024,128,2048,cuda:2,60.71875,280.45,105.64809341430664,0.823828125,0.90625,0.8515625,0.95947265625,2.01171875,2.2185546875,12.4375,0.9798828125,0.77880859375,1000,1024,0.04,5000.0,,,,,,,,,,
gemma-2-2b,canrager/saebench_gemma-2-2b_width-2pow14_date-0107,gemma-2-2b_standard_new_width-2pow14_date-0107,12,5,gemma-2-2b_standard_new_width-2pow14_date-0107/resid_post_layer_12/trainer_5,StandardTrainerAprilUpdate,AutoEncoder,0.0003,244140.0,,1000.0,195312.0,,,,0,2304,16384,,cuda:2,12,google/gemma-2-2b,StandardTrainerNew-google/gemma-2-2b-resid_post_layer_12_trainer_5,resid_post_layer_12,2304,out,244,1024,128,2048,cuda:2,65.4875,209.45,54.48848810195923,0.79404296875,0.889453125,0.828125,0.95361328125,2.01171875,2.3486328125,12.4375,0.96748046875,0.76971435546875,1000,1024,0.06,5000.0,,,,,,,,,,
gemma-2-2b,canrager/saebench_gemma-2-2b_width-2pow14_date-0107,gemma-2-2b_top_k_width-2pow14_date-0107,12,0,gemma-2-2b_top_k_width-2pow14_date-0107/resid_post_layer_12/trainer_0,TopKTrainer,AutoEncoderTopK,0.0003,244140.0,0.03125,1000.0,195312.0,0.999,1000.0,,0,2304,16384,20.0,cuda:0,12,google/gemma-2-2b,TopKTrainer-google/gemma-2-2b-resid_post_layer_12_trainer_0,resid_post_layer_12,2304,out,244,1024,4,2048,cuda:0,64.96625,280.28,19.997119140625,0.78849609375,0.88927734375,0.889609375,1.0008203125,2.152294921875,2.403408203125,12.4375,0.9754296875,0.949951171875,200,1024,,,,,,,,,,,,
gemma-2-2b,canrager/saebench_gemma-2-2b_width-2pow14_date-0107,gemma-2-2b_top_k_width-2pow14_date-0107,12,1,gemma-2-2b_top_k_width-2pow14_date-0107/resid_post_layer_12/trainer_1,TopKTrainer,AutoEncoderTopK,0.0003,244140.0,0.03125,1000.0,195312.0,0.999,1000.0,,0,2304,16384,40.0,cuda:0,12,google/gemma-2-2b,TopKTrainer-google/gemma-2-2b-resid_post_layer_12_trainer_1,resid_post_layer_12,2304,out,244,1024,4,2048,cuda:0,59.7275,382.27,39.99611328125,0.81900390625,0.90693359375,0.90705078125,1.00095703125,2.152294921875,2.30181640625,12.4375,0.985234375,0.98614501953125,200,1024,,,,,,,,,,,,
gemma-2-2b,canrager/saebench_gemma-2-2b_width-2pow14_date-0107,gemma-2-2b_top_k_width-2pow14_date-0107,12,2,gemma-2-2b_top_k_width-2pow14_date-0107/resid_post_layer_12/trainer_2,TopKTrainer,AutoEncoderTopK,0.0003,244140.0,0.03125,1000.0,195312.0,0.999,1000.0,,0,2304,16384,80.0,cuda:0,12,google/gemma-2-2b,TopKTrainer-google/gemma-2-2b-resid_post_layer_12_trainer_2,resid_post_layer_12,2304,out,244,1024,4,2048,cuda:0,54.65125,529.98,79.9989892578125,0.84908203125,0.92232421875,0.9225,1.00234375,2.152294921875,2.249189453125,12.4375,0.99015625,0.9962158203125,200,1024,,,,,,,,,,,,
gemma-2-2b,canrager/saebench_gemma-2-2b_width-2pow14_date-0107,gemma-2-2b_top_k_width-2pow14_date-0107,12,3,gemma-2-2b_top_k_width-2pow14_date-0107/resid_post_layer_12/trainer_3,TopKTrainer,AutoEncoderTopK,0.0003,244140.0,0.03125,1000.0,195312.0,0.999,1000.0,,0,2304,16384,160.0,cuda:0,12,google/gemma-2-2b,TopKTrainer-google/gemma-2-2b-resid_post_layer_12_trainer_3,resid_post_layer_12,2304,out,244,1024,4,2048,cuda:0,49.2875,773.14,159.99974609375,0.87669921875,0.9375,0.93748046875,0.99919921875,2.152294921875,2.212333984375,12.4375,0.9933984375,0.99652099609375,200,1024,,,,,,,,,,,,
gemma-2-2b,canrager/saebench_gemma-2-2b_width-2pow14_date-0107,gemma-2-2b_top_k_width-2pow14_date-0107,12,4,gemma-2-2b_top_k_width-2pow14_date-0107/resid_post_layer_12/trainer_4,TopKTrainer,AutoEncoderTopK,0.0003,244140.0,0.03125,1000.0,195312.0,0.999,1000.0,,0,2304,16384,320.0,cuda:0,12,google/gemma-2-2b,TopKTrainer-google/gemma-2-2b-resid_post_layer_12_trainer_4,resid_post_layer_12,2304,out,244,1024,4,2048,cuda:0,42.815,1410.92,319.9121923828125,0.90875,0.953125,0.953125,1.00017578125,2.152294921875,2.18783203125,12.4375,0.99615234375,0.99505615234375,200,1024,,,,,,,,,,,,
gemma-2-2b,canrager/saebench_gemma-2-2b_width-2pow14_date-0107,gemma-2-2b_top_k_width-2pow14_date-0107,12,5,gemma-2-2b_top_k_width-2pow14_date-0107/resid_post_layer_12/trainer_5,TopKTrainer,AutoEncoderTopK,0.0003,244140.0,0.03125,1000.0,195312.0,0.999,1000.0,,0,2304,16384,640.0,cuda:0,12,google/gemma-2-2b,TopKTrainer-google/gemma-2-2b-resid_post_layer_12_trainer_5,resid_post_layer_12,2304,out,244,1024,4,2048,cuda:0,34.06125,2503.6,639.193583984375,0.94197265625,0.97115234375,0.9715625,1.0005859375,2.152294921875,2.167255859375,12.4375,0.998359375,0.95263671875,200,1024,,,,,,,,,,,,
