arch,arch_dir,trainer,dict_class,k_cfg,unit,window,n_tokens,l2_loss,l1_loss,l0,frac_variance_explained,cossim,l2_ratio,relative_reconstruction_bias,frac_alive,gamma_star,fvu,fvu_rescaled,fvu_gain_from_rescale,norm_slope,norm_intercept,mean_norm_ratio,dark_matter_r2,residual_share_of_variance,linearly_predictable_share_of_variance,max_cos_median,max_cos_p90,max_cos_p99,max_cos_max,frac_max_cos_above_0.9,decoder_norm_mean,decoder_norm_cv,n_alive,alive_max_cos_median,alive_max_cos_p90,alive_max_cos_p99,alive_max_cos_max,alive_frac_max_cos_above_0.9,alive_decoder_norm_mean,alive_decoder_norm_cv,d_sae,frac_dead,frac_ultra_dense,log10_freq_median,log10_freq_p10,log10_freq_p90
BatchTopK,BatchTopK_pythia-160m-deduped__0108,0,BatchTopKSAE,20.0,BatchTopK_pythia-160m-deduped__0108/resid_post_layer_8/trainer_0,snapshot,204800,7.1622539200934625,52.376196260971774,19.9016796875,0.9260121578885897,0.9522153265871512,0.9515808631848597,0.999324220645332,0.931396484375,,,,,,,,,,,,,,,,,,,,,,,,,,,,,,,
BatchTopK,BatchTopK_pythia-160m-deduped__0108,0,BatchTopKSAE,20.0,BatchTopK_pythia-160m-deduped__0108/resid_post_layer_8/trainer_0,full,1048576,7.172505067424488,52.451792092283654,19.90458393096924,0.9246668702477431,0.9518881764235365,0.9512030935969175,0.9993277958144849,0.9671630859375,1.0006726563479276,0.07533312975225691,0.07533257821442116,5.515378357495715e-07,1.0051800106025743,-1.2761586489756276,0.9512030935969175,0.3740386936079436,0.07640718717988326,0.028578650914396507,0.42041444778442383,0.5713388323783875,0.7011361718177795,0.86417555809021,0.0,1.0,2.0209189699471608e-07,15846.0,0.424988329410553,0.5737248659133911,0.7030807733535767,0.8641757965087891,0.0,1.0,9.624248775708111e-08,16384.0,0.0328369140625,0.00054931640625,-3.6106667899483296,-4.589236149120636,-2.6204938514507568
BatchTopK,BatchTopK_pythia-160m-deduped__0108,1,BatchTopKSAE,40.0,BatchTopK_pythia-160m-deduped__0108/resid_post_layer_8/trainer_1,snapshot,204800,6.354303931308095,67.63878186660615,39.83189453125,0.9418085771099879,0.9625056508095868,0.962146000675039,0.9997083022564272,0.9193115234375,,,,,,,,,,,,,,,,,,,,,,,,,,,,,,,
BatchTopK,BatchTopK_pythia-160m-deduped__0108,1,BatchTopKSAE,40.0,BatchTopK_pythia-160m-deduped__0108/resid_post_layer_8/trainer_1,full,1048576,6.363912066743438,67.69246255404772,39.791672706604004,0.9407504595452086,0.9622426344796952,0.961901352367492,0.9997653767257316,0.93548583984375,1.0002346783352678,0.05924954045479139,0.059249476288862984,6.416592840396973e-08,1.004703470601826,-1.0105302835020815,0.961901352367492,0.31004748454898556,0.06006190754991903,0.0186217623711506,0.3515987694263458,0.5058698654174805,0.6509917378425598,0.8442037105560303,0.0,1.0,2.0262611144516995e-07,15327.0,0.359559565782547,0.5099776387214661,0.6526411771774292,0.8442038297653198,0.0,1.0,9.65084296922214e-08,16384.0,0.06451416015625,0.00201416015625,-3.3259947143460553,-4.188091000573388,-2.3543815591839015
BatchTopK,BatchTopK_pythia-160m-deduped__0108,2,BatchTopKSAE,80.0,BatchTopK_pythia-160m-deduped__0108/resid_post_layer_8/trainer_2,snapshot,204800,5.532015465658187,90.20851466264575,79.6866748046875,0.955997331562624,0.971734882389126,0.9716060449413466,1.0009534874989532,0.87139892578125,,,,,,,,,,,,,,,,,,,,,,,,,,,,,,,
BatchTopK,BatchTopK_pythia-160m-deduped__0108,2,BatchTopKSAE,80.0,BatchTopK_pythia-160m-deduped__0108/resid_post_layer_8/trainer_2,full,1048576,5.540710685252421,90.16708866104537,79.58049011230469,0.955188404878585,0.9715242712326158,0.9714048293749856,1.0009467983589821,0.88311767578125,0.9990540972202175,0.044811595121414916,0.0448104478744417,1.1472469732126678e-06,1.0067929424534885,-0.8375103093137994,0.9714048293749856,0.2549663664179651,0.04539388202041598,0.011574027668327519,0.287373811006546,0.44224750995635986,0.5975931882858276,0.7420818209648132,0.0,1.0,2.0297522951295832e-07,14469.0,0.30266207456588745,0.45269230008125305,0.6038118600845337,0.7420814633369446,0.0,1.0,9.63280584187487e-08,16384.0,0.11688232421875,0.00738525390625,-3.0558689922259945,-3.927178228117389,-2.081590169468874
BatchTopK,BatchTopK_pythia-160m-deduped__0108,3,BatchTopKSAE,160.0,BatchTopK_pythia-160m-deduped__0108/resid_post_layer_8/trainer_3,snapshot,204800,4.591812340050528,153.8058136615585,159.284921875,0.9698711979846664,0.9807080204765672,0.9804582493555095,1.000755610826267,0.74530029296875,,,,,,,,,,,,,,,,,,,,,,,,,,,,,,,
BatchTopK,BatchTopK_pythia-160m-deduped__0108,3,BatchTopKSAE,160.0,BatchTopK_pythia-160m-deduped__0108/resid_post_layer_8/trainer_3,full,1048576,4.602469597451801,153.6782284140638,159.01745510101318,0.9692587491589426,0.9805218160176666,0.9802690985414069,1.0007280134632588,0.7623291015625,0.9992725161547747,0.030741250841057364,0.030740587973855128,6.628672022356008e-07,1.0053512470225159,-0.5940061045233165,0.9802690985414069,0.2006084380690849,0.03111197831967414,0.006242028595925495,0.24513322114944458,0.4286971092224121,0.5850237011909485,0.8095064163208008,0.0,1.0,2.0162136138424103e-07,12490.0,0.28435659408569336,0.4485562741756439,0.5988239049911499,0.8095064163208008,0.0,1.0,9.616818630320267e-08,16384.0,0.2376708984375,0.03173828125,-3.008184538517191,-4.151368193548648,-1.7192573476626507
BatchTopK,BatchTopK_pythia-160m-deduped__0108,4,BatchTopKSAE,320.0,BatchTopK_pythia-160m-deduped__0108/resid_post_layer_8/trainer_4,snapshot,204800,3.115456334638293,295.94985236850073,318.678837890625,0.9862206084974838,0.9913077941486176,0.9912568635611617,1.000484526038828,0.32086181640625,,,,,,,,,,,,,,,,,,,,,,,,,,,,,,,
BatchTopK,BatchTopK_pythia-160m-deduped__0108,4,BatchTopKSAE,320.0,BatchTopK_pythia-160m-deduped__0108/resid_post_layer_8/trainer_4,full,1048576,3.1224550229810575,295.7810836107468,318.53362369537354,0.9859379694676539,0.9912308620487608,0.9911554870367917,1.000481573606894,0.333251953125,0.9995186581946155,0.014062030532346087,0.01406171310485151,3.174274945776101e-07,1.0027981252911202,-0.2775318652863774,0.9911554870367917,0.09103191823827039,0.01417471067560079,0.0012923555696569783,0.14877209067344666,0.3663776218891144,0.5785505771636963,0.7660760283470154,0.0,1.0,2.0135283307354257e-07,5460.0,0.28424072265625,0.4874456524848938,0.6573377251625061,0.7624655961990356,0.0,1.0,9.532975298043311e-08,16384.0,0.666748046875,0.0849609375,-3.1175099262876804,-4.235270078268857,-0.6821906554766601
BatchTopK,BatchTopK_pythia-160m-deduped__0108,5,BatchTopKSAE,640.0,BatchTopK_pythia-160m-deduped__0108/resid_post_layer_8/trainer_5,snapshot,204800,1.5534550502880302,626.2813794629293,638.8730859375,0.996390771319104,0.9978034390694429,0.9976655648780836,1.0002461627850316,0.06134033203125,,,,,,,,,,,,,,,,,,,,,,,,,,,,,,,
BatchTopK,BatchTopK_pythia-160m-deduped__0108,5,BatchTopKSAE,640.0,BatchTopK_pythia-160m-deduped__0108/resid_post_layer_8/trainer_5,full,1048576,1.5570152897059586,626.2920517280176,638.9255590438843,0.9963190995509984,0.9977899533506538,0.9976203495458431,1.0002278014102173,0.06298828125,0.9997722504714466,0.0036809004490016045,0.003680824989904156,7.545909744841386e-08,1.0013259597925332,-0.0902345137980447,0.9976203495458431,0.038552430233361856,0.003716805953458981,0.00014656522448196828,0.14233416318893433,0.1600135713815689,0.22899022698402405,0.8163319826126099,0.0,1.0,1.9961190389494732e-07,1032.0,0.11123055964708328,0.17387641966342926,0.44871190190315247,0.6800382137298584,0.0,1.0,9.704442760494203e-08,16384.0,0.93701171875,0.047119140625,-0.10689146954283817,-3.2081549265860994,-0.019445400843485002
Gated,GatedSAE_pythia-160m-deduped__0108,0,GatedAutoEncoder,,GatedSAE_pythia-160m-deduped__0108/resid_post_layer_8/trainer_0,snapshot,204800,2.4455571159612735,233.92189613967548,482.84873046875,0.9915649173977074,0.9946825640357693,0.9939716148711781,0.9993467176584702,0.54302978515625,,,,,,,,,,,,,,,,,,,,,,,,,,,,,,,
Gated,GatedSAE_pythia-160m-deduped__0108,0,GatedAutoEncoder,,GatedSAE_pythia-160m-deduped__0108/resid_post_layer_8/trainer_0,full,1048576,2.4486079259039,233.88275071660226,483.02629566192627,0.9914092310891834,0.9946490059187902,0.9939314523814254,0.9993286645172567,0.59954833984375,1.000671786476842,0.008590768910816568,0.00859018679280984,5.821180067283604e-07,0.9999656702877557,-0.14133695302857419,0.9939314523814254,0.07487665209567684,0.008667357532621241,0.0006510725607347268,0.1927638053894043,0.585704505443573,0.9362208843231201,0.9777777791023254,0.0228271484375,1.0,1.787830115063116e-07,9823.0,0.2077847570180893,0.4378460645675659,0.8598968982696533,0.966176450252533,0.0035630662459880114,1.0,3.8193920914864066e-08,16384.0,0.40045166015625,0.0777587890625,-1.773240490810687,-5.543478658559962,-0.7078832439382918
Gated,GatedSAE_pythia-160m-deduped__0108,1,GatedAutoEncoder,,GatedSAE_pythia-160m-deduped__0108/resid_post_layer_8/trainer_1,snapshot,204800,3.7115586641940173,174.77794314707015,357.41181640625,0.9804371479619469,0.9875738810412226,0.9874719562569677,1.0000920353177138,0.52978515625,,,,,,,,,,,,,,,,,,,,,,,,,,,,,,,
Gated,GatedSAE_pythia-160m-deduped__0108,1,GatedAutoEncoder,,GatedSAE_pythia-160m-deduped__0108/resid_post_layer_8/trainer_1,full,1048576,3.716830855634896,174.68050677403863,357.2880754470825,0.9800731936683095,0.9874818443520917,0.9873854445176306,1.000065723384379,0.5538330078125,0.9999342809349002,0.019926806331690514,0.01992678672062882,1.961106169470761e-08,1.001861504034253,-0.3411731887417915,0.9873854445176306,0.12217398000927537,0.02012418311016367,0.0024598447341901233,0.17664362490177155,0.6198583841323853,0.9477287530899048,0.9856948852539062,0.03240966796875,1.0,1.7682306463484565e-07,9074.0,0.17081144452095032,0.351477712392807,0.8044583201408386,0.9799456596374512,0.0047388141974806786,1.0,3.809920912090092e-08,16384.0,0.4461669921875,0.03460693359375,-1.5446528395196755,-3.9752769344929666,-1.1473676910840807
Gated,GatedSAE_pythia-160m-deduped__0108,2,GatedAutoEncoder,,GatedSAE_pythia-160m-deduped__0108/resid_post_layer_8/trainer_2,snapshot,204800,4.532231474059227,141.79427746319038,227.9286376953125,0.9707209360164748,0.981390195242256,0.9817168482510965,1.0008832210440564,0.68609619140625,,,,,,,,,,,,,,,,,,,,,,,,,,,,,,,
Gated,GatedSAE_pythia-160m-deduped__0108,2,GatedAutoEncoder,,GatedSAE_pythia-160m-deduped__0108/resid_post_layer_8/trainer_2,full,1048576,4.537524192759122,141.7667077110871,227.73162078857422,0.9701969196073346,0.9812633991561559,0.9816435810153558,1.0008814502453323,0.71710205078125,0.9991193260249591,0.029803080392665448,0.029802066383399797,1.0140092656513167e-06,1.0040016029892325,-0.5275797973481424,0.9816435810153558,0.16684916309738484,0.030137352501374556,0.005030689515748468,0.17215710878372192,0.443259596824646,0.963158130645752,0.9866592288017273,0.04083251953125,1.0,1.774125877318511e-07,11749.0,0.16169723868370056,0.2707649767398834,0.7050908803939819,0.97706538438797,0.006043067667633295,1.0,3.8557075754397374e-08,16384.0,0.28289794921875,0.01116943359375,-1.9104480847613523,-4.201055977737755,-1.3911883000437504
Gated,GatedSAE_pythia-160m-deduped__0108,3,GatedAutoEncoder,,GatedSAE_pythia-160m-deduped__0108/resid_post_layer_8/trainer_3,snapshot,204800,5.532942771661328,94.8147882399166,95.6775732421875,0.9561070427905922,0.9720507239726086,0.9709477666485181,0.9997617246622316,0.9183349609375,,,,,,,,,,,,,,,,,,,,,,,,,,,,,,,
Gated,GatedSAE_pythia-160m-deduped__0108,3,GatedAutoEncoder,,GatedSAE_pythia-160m-deduped__0108/resid_post_layer_8/trainer_3,full,1048576,5.540291401979175,94.77692973570277,95.40507125854492,0.9553177029591063,0.9718630595579888,0.9707767439973118,0.9997422496672335,0.92694091796875,1.0002578167851286,0.04468229704089365,0.04468220760451383,8.943637982289365e-08,1.0046014518565896,-0.8001774528594723,0.9707767439973118,0.23934370919591097,0.0452730765709755,0.010836094888816953,0.2114061713218689,0.3334484398365021,0.5659776329994202,0.987047553062439,0.00311279296875,1.0,1.7685739805983758e-07,15187.0,0.21515925228595734,0.33490368723869324,0.5243611335754395,0.9654192328453064,0.000395074748666957,1.0,3.795580738596982e-08,16384.0,0.07305908203125,0.00225830078125,-2.6224862215491216,-3.3133706946861583,-1.8270468545037595
Gated,GatedSAE_pythia-160m-deduped__0108,4,GatedAutoEncoder,,GatedSAE_pythia-160m-deduped__0108/resid_post_layer_8/trainer_4,snapshot,204800,6.308181198551174,64.90260196354662,48.7713916015625,0.9427451218885746,0.963343378855991,0.9626166057359717,0.9999190782736003,0.9171142578125,,,,,,,,,,,,,,,,,,,,,,,,,,,,,,,
Gated,GatedSAE_pythia-160m-deduped__0108,4,GatedAutoEncoder,,GatedSAE_pythia-160m-deduped__0108/resid_post_layer_8/trainer_4,full,1048576,6.316190454865222,64.9109746220368,48.63829708099365,0.9417322669632366,0.9631200092041163,0.9622906361098369,0.9998226050817175,0.92889404296875,1.000177426392823,0.058267733036763365,0.05826768066150074,5.237526262691361e-08,1.0052381610230805,-1.0144558819299334,0.9622906361098369,0.3027774545341231,0.05908481938466917,0.0178890034486759,0.26559531688690186,0.41141223907470703,0.5993468165397644,0.841343104839325,0.0,1.0,1.7848437039447163e-07,15219.0,0.27254852652549744,0.4164098799228668,0.6011749505996704,0.841343343257904,0.0,1.0,3.954043847897992e-08,16384.0,0.07110595703125,0.0006103515625,-2.966370003416227,-3.7927132086659503,-2.1103064322403826
Gated,GatedSAE_pythia-160m-deduped__0108,5,GatedAutoEncoder,,GatedSAE_pythia-160m-deduped__0108/resid_post_layer_8/trainer_5,snapshot,204800,6.854360997823169,55.16415007900854,30.94712890625,0.9323152256355489,0.9565542215184085,0.9559122701472049,0.9999099865011825,0.8428955078125,,,,,,,,,,,,,,,,,,,,,,,,,,,,,,,
Gated,GatedSAE_pythia-160m-deduped__0108,5,GatedAutoEncoder,,GatedSAE_pythia-160m-deduped__0108/resid_post_layer_8/trainer_5,full,1048576,6.864933627620715,55.22376304929651,30.888582229614258,0.93109553960074,0.9562781375840262,0.9555650210596782,0.9998681144068039,0.8604736328125,1.0001319029893,0.06890446039925997,0.06890444010529873,2.029396124758609e-08,1.0057772917563914,-1.1862385646610285,0.9555650210596782,0.3467767471904287,0.069893768590367,0.0242367539117285,0.3016106188297272,0.4563475251197815,0.6353816986083984,0.9436870217323303,0.0001220703125,1.0,1.7753171732692863e-07,14098.0,0.3185043931007385,0.4680047631263733,0.6416910886764526,0.9436872005462646,0.0001418640895280987,1.0,3.991256747326588e-08,16384.0,0.1395263671875,0.00042724609375,-3.1229728219891824,-4.011999741517706,-2.2812649530835447
JumpReLU,JumpRelu_pythia-160m-deduped__0108,0,JumpReluAutoEncoder,,JumpRelu_pythia-160m-deduped__0108/resid_post_layer_8/trainer_0,snapshot,204800,7.532542809437728,59.33321314457426,20.3128759765625,0.9181902877085126,0.9471516188451305,0.9474945709774306,1.0006463023114052,0.4117431640625,,,,,,,,,,,,,,,,,,,,,,,,,,,,,,,
JumpReLU,JumpRelu_pythia-160m-deduped__0108,0,JumpReluAutoEncoder,,JumpRelu_pythia-160m-deduped__0108/resid_post_layer_8/trainer_0,full,1048576,7.54019224678126,59.44020996254562,20.30911159515381,0.9167711671754466,0.9468265235037374,0.9470681915023631,1.000581044993907,0.4212646484375,0.9994192924233234,0.08322883282455347,0.08322839949844021,4.333261132555277e-07,1.007698377117509,-1.4369220677811185,0.9470681915023631,0.4136960583094461,0.08437379755513459,0.03490493786355078,0.17554588615894318,0.5010337829589844,0.677064836025238,0.8981173038482666,0.0,1.0,1.0583647735984414e-07,6902.0,0.40755242109298706,0.5727671980857849,0.7146781086921692,0.8890122175216675,0.0,1.0,9.746963769430295e-08,16384.0,0.5787353515625,0.00042724609375,-3.0634717156028106,-3.883563494198734,-2.1711866426962847
JumpReLU,JumpRelu_pythia-160m-deduped__0108,1,JumpReluAutoEncoder,,JumpRelu_pythia-160m-deduped__0108/resid_post_layer_8/trainer_1,snapshot,204800,6.58845635270729,68.15356874574515,40.522197265625,0.937480363156227,0.9597360315137701,0.9599605247895187,1.0001147930932686,0.5244140625,,,,,,,,,,,,,,,,,,,,,,,,,,,,,,,
JumpReLU,JumpRelu_pythia-160m-deduped__0108,1,JumpReluAutoEncoder,,JumpRelu_pythia-160m-deduped__0108/resid_post_layer_8/trainer_1,full,1048576,6.595348758636959,68.08682714185898,40.447641372680664,0.9364005553774496,0.9595023476786018,0.959685776823035,1.0001103093411243,0.53387451171875,0.9998897028256842,0.06359944462255035,0.06359942321559457,2.140695577745877e-08,1.0049411440797278,-1.0687389767848998,0.959685776823035,0.33292695305511866,0.06445235209600829,0.021457727151904474,0.22570933401584625,0.4443400800228119,0.6480275392532349,0.9658242464065552,0.001708984375,1.0,1.0433210206883814e-07,8747.0,0.32385915517807007,0.48847267031669617,0.6392901539802551,0.8533409833908081,0.0,1.0,9.7307541579994e-08,16384.0,0.46612548828125,0.0018310546875,-2.8909100210803227,-3.5812672194493613,-2.011014204312089
JumpReLU,JumpRelu_pythia-160m-deduped__0108,2,JumpReluAutoEncoder,,JumpRelu_pythia-160m-deduped__0108/resid_post_layer_8/trainer_2,snapshot,204800,5.860964537013424,87.50868556345536,74.012255859375,0.9506793124398933,0.9683238445233934,0.967624959546903,0.9983728532896518,0.5142822265625,,,,,,,,,,,,,,,,,,,,,,,,,,,,,,,
JumpReLU,JumpRelu_pythia-160m-deduped__0108,2,JumpReluAutoEncoder,,JumpRelu_pythia-160m-deduped__0108/resid_post_layer_8/trainer_2,full,1048576,5.866816265573178,87.43411967492568,73.89617919921875,0.9498259486194983,0.9681283111454038,0.967456071641638,0.9984215942162402,0.5206298828125,1.0015809010871792,0.05017405138050165,0.050170910279504724,3.141100996924273e-06,1.0005703808153832,-0.7781451554258503,0.967456071641638,0.2787751740869875,0.05080921593938689,0.014165080130150488,0.20486488938331604,0.3708130717277527,0.6742440462112427,0.9602862000465393,0.001953125,1.0,1.0356857416127241e-07,8530.0,0.2541479468345642,0.39448535442352295,0.5402871966362,0.7246622443199158,0.0,1.0,9.591133220965276e-08,16384.0,0.4793701171875,0.005126953125,-2.5685066642618923,-3.262445291312234,-1.805002017465665
JumpReLU,JumpRelu_pythia-160m-deduped__0108,3,JumpReluAutoEncoder,,JumpRelu_pythia-160m-deduped__0108/resid_post_layer_8/trainer_3,snapshot,204800,4.830646378442252,130.84740431221363,156.183154296875,0.9666975379879413,0.9786584226238891,0.9786682830632865,1.000050757019291,0.41448974609375,,,,,,,,,,,,,,,,,,,,,,,,,,,,,,,
JumpReLU,JumpRelu_pythia-160m-deduped__0108,3,JumpReluAutoEncoder,,JumpRelu_pythia-160m-deduped__0108/resid_post_layer_8/trainer_3,full,1048576,4.840029570941894,130.69025456062857,155.8909502029419,0.9660459540090935,0.9784667131859714,0.9784356477338483,1.0000332894073838,0.4197998046875,0.999966711700764,0.03395404599090649,0.0339540477288304,-1.7379239089510001e-09,1.0029652320357691,-0.5777513612784588,0.9784356477338483,0.215169704457973,0.0343527204009245,0.007392104927107061,0.170614093542099,0.29521918296813965,0.5822707414627075,0.9538376331329346,0.0006103515625,1.0,1.0507975645168699e-07,6878.0,0.19938497245311737,0.32050520181655884,0.4712629020214081,0.7160288691520691,0.0,1.0,9.468210038221514e-08,16384.0,0.5802001953125,0.027099609375,-2.2510748931085733,-3.1566825363217634,-1.267788854980057
